CustomerID,Platform,Age,AgeGroup,Gender,Location,AccountAge_Months,SignupDate,PreferredLanguage,SubscriptionType,PaymentMethod,PaymentPlan,RenewalStatus, MonthlyCharges_INR , TotalCharges_INR ,PaymentDelays,FailedPayments,No_of_Subscription-Pauses,Referred_to_Friend,Avg_Monthly_WatchTime,Weekly_WatchedTime,Sessions_PerMonth,Avg_SessionDuration_Mins,No_of_ActiveDays,Last_LoginDate,No_of_InactiveDays,Content_Completion_Rate,Videos_Watched,Genres_Viewed,WatchlistSize,NumDownloads,PlatformFriends,DeviceRegistered,BufferingFrequency,PlaybackErrors,ServiceFailureCount,NetworkType,SupportTicketsPerMonth,SatisfactionScore,NetPromoterScore,ThumbsUp,ThumbsDown,AdEngagementRate_%,ChurnLabel,ChurnReason
CUST00001,JioHotstar,36,35-44,Male,Kolkata,17,19-07-2022,Telugu,Basic,UPI,Annual,Yes, ₹ 146.23 ," ₹ 2,333.21 ",1,0,0,Yes,1531  min,356  min,24,35.6,17  days,2023-12-31,1  days,53.6  %,21  nos,Drama,0,4,3,Mobile,1,1,0,4G,3,4,6,17,2,31.8,1,Price
CUST00002,JioHotstar,26,25-34,Female,Chennai,31,27-05-2021,Bengali,Premium,UPI,Annual,Yes, ₹ 498.89 ," ₹ 13,935.08 ",1,0,0,Yes,2011  min,467.7  min,27,49.4,20  days,2023-12-20,12  days,62.7  %,33  nos,Horror,0,4,3,Mobile,1,3,0,WiFi,0,2,2,38,7,0,0,N/A
CUST00003,Amazon Prime,27,25-34,Male,Mumbai,50,30-10-2019,Malayalam,Standard,Wallet,Monthly,Yes, ₹ 322.59 ," ₹ 15,716.76 ",1,0,0,No,540  min,125.6  min,25,60.9,24  days,2023-12-29,3  days,71.8  %,0  nos,Horror,23,1,0,Smart TV,4,1,0,4G,0,2,4,35,9,0,1,Content
CUST00004,Amazon Prime,26,25-34,Male,Chennai,60,23-01-2019,English,Standard,Credit Card,Annual,Yes, ₹ 309.27 ," ₹ 16,761.64 ",1,1,0,No,797  min,185.3  min,15,70.5,11  days,2023-12-23,9  days,65.1  %,35  nos,Drama,0,4,5,Smart TV,2,1,0,WiFi,0,3,5,28,7,0,0,N/A
CUST00005,Netflix,20,18-24,Male,Jaipur,15,09-09-2022,Marathi,Premium,Net Banking,Monthly,Yes, ₹ 521.86 ," ₹ 7,024.12 ",0,0,0,No,1200  min,279.1  min,29,72.8,7  days,2023-12-23,9  days,66.5  %,20  nos,Thriller,9,3,3,Tablet,3,0,0,4G,2,4,7,41,20,0,0,N/A
CUST00006,Netflix,28,25-34,Male,Ahmedabad,10,13-02-2023,Bengali,Basic,Net Banking,Monthly,No, ₹ 144.88 ," ₹ 1,324.59 ",2,0,0,No,1108  min,257.7  min,20,50,16  days,2023-12-27,5  days,69.5  %,56  nos,Horror,16,5,5,Mobile,2,2,1,3G,1,2,2,24,3,54.5,0,N/A
CUST00007,Netflix,32,25-34,Male,Delhi,11,23-01-2023,Tamil,Premium,Credit Card,Monthly,Yes, ₹ 496.25 ," ₹ 5,455.57 ",0,3,0,No,850  min,197.7  min,23,36,19  days,2023-12-30,2  days,56.1  %,57  nos,Sports,17,6,6,Tablet,8,2,0,WiFi,0,2,4,25,19,0,0,N/A
CUST00008,JioHotstar,18,18-24,Female,Kolkata,53,11-08-2019,Marathi,Basic,Credit Card,Monthly,No, ₹ 162.73 ," ₹ 8,464.08 ",0,0,1,No,254  min,59.1  min,18,23.4,8  days,2023-12-28,4  days,78.6  %,87  nos,Sports,33,8,0,Laptop,4,0,0,4G,1,2,8,50,13,4.6,1,Found Alternative
CUST00009,SonyLiv,27,25-34,Female,Chennai,11,23-01-2023,Marathi,Premium,Debit Card,Annual,Yes, ₹ 524.34 ," ₹ 4,903.07 ",0,0,0,No,616  min,143.3  min,16,82.4,13  days,2023-12-29,3  days,46.3  %,34  nos,Action,2,4,4,Mobile,1,0,0,WiFi,2,2,10,33,8,0,0,N/A
CUST00010,SonyLiv,36,35-44,Male,Chennai,39,27-09-2020,English,Basic,Credit Card,Monthly,No, ₹ 146.83 ," ₹ 5,525.23 ",1,0,0,Yes,705  min,164  min,19,62.7,10  days,2024-01-01,0  days,53.2  %,56  nos,Sci-Fi,18,9,5,Tablet,4,1,1,WiFi,0,2,6,23,8,46.9,0,N/A
CUST00011,JioHotstar,23,18-24,Female,Jaipur,52,08-09-2019,Telugu,Premium,Credit Card,Quarterly,Yes, ₹ 540.85 ," ₹ 27,700.71 ",0,0,1,No,1149  min,267.2  min,23,44.8,7  days,2024-01-01,0  days,23.2  %,75  nos,Thriller,11,4,2,Mobile,2,0,1,WiFi,0,4,4,22,9,0,0,N/A
CUST00012,Netflix,46,45-54,Male,Delhi,49,14-12-2019,Hindi,Basic,UPI,Annual,Yes, ₹ 166.15 ," ₹ 7,210.80 ",0,0,0,No,836  min,194.4  min,12,44,22  days,2023-12-28,4  days,80.4  %,37  nos,Thriller,19,4,1,Smart TV,3,2,1,4G,1,4,6,51,3,18.2,0,N/A
CUST00013,JioHotstar,26,25-34,Male,Ahmedabad,56,24-05-2019,Kannada,Basic,UPI,Monthly,Yes, ₹ 106.52 ," ₹ 5,488.23 ",0,0,3,No,689  min,160.2  min,25,33.5,7  days,2023-12-20,12  days,74.8  %,54  nos,Drama,29,4,3,Mobile,6,0,0,4G,4,3,7,12,7,37.4,0,N/A
CUST00014,Netflix,37,35-44,Male,Jaipur,31,2021-05-28,Tamil,Standard,UPI,Monthly,No, ₹ 313.23 ," ₹ 8,899.04 ",1,0,1,No,450  min,104.7  min,18,76,15  days,2023-12-28,4  days,88.1  %,35  nos,Sports,24,1,4,Mobile,0,0,0,4G,0,4,5,27,0,0,0,N/A
CUST00015,Netflix,27,25-34,Male,Chennai,12,2022-12-27,Kannada,Standard,UPI,Monthly,Yes, ₹ 325.69 ," ₹ 3,544.21 ",1,1,1,No,787  min,183  min,4,44.9,16  days,2023-12-31,1  days,38.9  %,53  nos,Romance,18,5,1,Tablet,1,0,0,4G,0,2,2,22,8,0,1,Found Alternative
CUST00016,JioHotstar,18,18-24,Female,Ahmedabad,11,2023-01-19,Telugu,Basic,Wallet,Quarterly,Yes, ₹ 146.96 ," ₹ 1,555.45 ",1,0,2,Yes,916  min,213  min,24,32.6,8  days,2023-12-31,1  days,76.6  %,34  nos,Reality,0,4,4,Smart TV,1,1,0,5G,0,2,3,45,12,34.8,0,N/A
CUST00017,Netflix,46,45-54,Female,Bangalore,5,2023-07-15,English,Premium,UPI,Monthly,No, ₹ 500.55 ," ₹ 2,219.77 ",0,1,0,No,555  min,129.1  min,10,17.3,20  days,2023-12-30,2  days,100  %,40  nos,Reality,16,2,1,Mobile,2,1,0,4G,0,3,5,27,9,0,0,N/A
CUST00018,Amazon Prime,24,18-24,Male,Hyderabad,17,2022-08-01,Bengali,Standard,Debit Card,Monthly,Yes, ₹ 288.35 ," ₹ 4,719.50 ",2,0,0,Yes,634  min,147.4  min,22,29.7,1  days,2023-12-29,3  days,55.8  %,33  nos,Sci-Fi,0,4,1,Smart TV,2,1,1,4G,1,4,1,12,8,0,1,Technical Issues
CUST00019,Amazon Prime,32,25-34,Male,Hyderabad,5,2023-07-15,Telugu,Standard,UPI,Annual,Yes, ₹ 308.76 ," ₹ 1,453.88 ",1,1,0,No,1532  min,356.3  min,21,36.6,16  days,2023-12-30,2  days,100  %,34  nos,Sports,24,7,5,Mobile,3,2,2,5G,0,4,3,25,5,0,0,N/A
CUST00020,JioHotstar,36,35-44,Female,Bangalore,19,2022-06-09,English,Premium,Net Banking,Monthly,Yes, ₹ 505.67 ," ₹ 8,470.12 ",0,1,1,No,1414  min,328.8  min,14,36.5,10  days,2023-12-26,6  days,82.4  %,67  nos,Romance,19,5,3,Smart TV,2,3,2,WiFi,1,5,9,18,3,0,0,N/A
CUST00021,Netflix,30,25-34,Female,Kolkata,4,2023-09-03,Hindi,Standard,UPI,Annual,Yes, ₹ 300.11 ," ₹ 1,099.93 ",0,0,0,No,1337  min,310.9  min,26,33.3,19  days,2023-12-20,12  days,18.6  %,14  nos,Sports,2,4,2,Mobile,4,1,1,WiFi,0,5,6,25,7,0,0,N/A
CUST00022,ZEE5,33,25-34,Female,Hyderabad,40,2020-08-27,Gujarati,Basic,UPI,Monthly,No, ₹ 146.11 ," ₹ 5,665.67 ",0,0,0,No,1927  min,448.1  min,9,72.8,0  days,2023-12-30,2  days,89.9  %,0  nos,Horror,11,6,3,Mobile,2,0,0,WiFi,1,3,2,33,6,27.5,0,N/A
CUST00023,SonyLiv,39,35-44,Female,Pune,43,2020-06-09,Tamil,Family,UPI,Monthly,No, ₹ 657.89 ," ₹ 24,797.18 ",1,0,0,No,1137  min,264.4  min,15,51.5,5  days,2023-12-30,2  days,40.2  %,23  nos,Comedy,28,5,4,Laptop,3,0,0,WiFi,1,1,6,22,8,0,0,N/A
CUST00024,SonyLiv,35,35-44,Female,Chennai,19,2022-06-04,Tamil,Premium,UPI,Annual,No, ₹ 488.20 ," ₹ 8,193.92 ",0,1,0,No,588  min,136.7  min,21,10.9,21  days,2023-12-31,1  days,74.5  %,72  nos,Sci-Fi,30,6,2,Mobile,3,0,1,5G,1,3,6,14,11,0,0,N/A
CUST00025,Netflix,26,25-34,Female,Pune,23,2022-01-29,Bengali,Premium,Wallet,Monthly,Yes, ₹ 501.44 ," ₹ 10,494.58 ",0,0,0,No,759  min,176.5  min,19,48.6,11  days,2023-12-29,3  days,52.5  %,76  nos,Sports,22,5,4,Mobile,7,1,2,WiFi,2,2,8,26,10,0,0,N/A
CUST00026,Netflix,29,25-34,Female,Kolkata,3,2023-09-15,English,Standard,Credit Card,Annual,Yes, ₹ 321.58 , ₹ 962.46 ,1,1,0,Yes,867  min,201.6  min,14,38.8,15  days,2023-12-30,2  days,55.4  %,34  nos,Reality,16,7,0,Mobile,1,3,1,WiFi,1,5,5,19,15,0,0,N/A
CUST00027,Amazon Prime,47,45-54,Female,Chennai,25,2021-11-17,Kannada,Basic,Debit Card,Monthly,Yes, ₹ 138.54 ," ₹ 3,384.54 ",0,0,0,No,497  min,115.6  min,9,6.3,5  days,2023-12-27,5  days,84.7  %,35  nos,Romance,14,7,1,Smart TV,1,1,0,4G,4,4,9,18,3,44.4,0,N/A
CUST00028,JioHotstar,26,25-34,Female,Chennai,29,2021-07-24,Kannada,Premium,UPI,Quarterly,Yes, ₹ 511.66 ," ₹ 13,831.97 ",0,0,0,Yes,563  min,130.9  min,19,37.7,18  days,2024-01-01,0  days,70.7  %,46  nos,Romance,21,3,2,Mobile,2,2,0,4G,1,5,7,47,10,0,0,N/A
CUST00029,Amazon Prime,28,25-34,Male,Chennai,35,2021-01-20,Malayalam,Premium,Wallet,Annual,Yes, ₹ 510.81 ," ₹ 15,957.64 ",2,1,1,No,1343  min,312.3  min,12,54.6,11  days,2023-12-26,6  days,48.3  %,47  nos,Reality,11,2,4,Mobile,3,3,1,5G,0,3,7,22,5,0,0,N/A
CUST00030,JioHotstar,28,25-34,Male,Chennai,11,2023-02-04,Hindi,Basic,Wallet,Quarterly,No, ₹ 152.49 ," ₹ 1,540.37 ",0,0,0,No,676  min,157.2  min,21,76.3,13  days,2023-12-27,5  days,31  %,31  nos,Reality,2,5,2,Mobile,4,0,1,4G,1,3,2,42,7,57.3,0,N/A
CUST00031,Netflix,35,35-44,Female,Mumbai,52,2019-09-17,English,Premium,UPI,Annual,Yes, ₹ 508.14 ," ₹ 24,301.03 ",2,0,0,No,1399  min,325.3  min,21,24.4,13  days,2024-01-01,0  days,51.5  %,76  nos,Drama,14,4,1,Smart TV,1,1,0,5G,3,2,3,24,7,0,0,N/A
CUST00032,ZEE5,20,18-24,Female,Ahmedabad,42,2020-06-26,Gujarati,Standard,UPI,Monthly,Yes, ₹ 329.07 ," ₹ 13,533.80 ",0,0,0,No,1250  min,290.7  min,10,45.8,12  days,2024-01-01,0  days,63.3  %,19  nos,Thriller,12,5,2,Laptop,1,2,1,WiFi,0,3,8,22,14,0,0,N/A
CUST00033,Amazon Prime,36,35-44,Male,Ahmedabad,6,2023-06-27,Bengali,Basic,Credit Card,Annual,Yes, ₹ 192.65 ," ₹ 1,008.67 ",1,0,0,No,487  min,113.3  min,13,57.4,21  days,2023-12-29,3  days,99.6  %,48  nos,Comedy,15,3,5,Laptop,3,2,1,WiFi,2,3,7,6,15,62.6,0,N/A
CUST00034,JioHotstar,25,25-34,Male,Chennai,57,2019-04-02,Kannada,Standard,Net Banking,Annual,Yes, ₹ 306.92 ," ₹ 17,181.26 ",2,0,1,No,889  min,206.7  min,27,55.9,11  days,2023-12-30,2  days,20.3  %,44  nos,Sci-Fi,3,6,3,Mobile,2,1,0,WiFi,1,3,5,20,6,0,0,N/A
CUST00035,SonyLiv,52,45-54,Female,Pune,37,2020-11-25,Gujarati,Premium,UPI,Monthly,Yes, ₹ 506.64 ," ₹ 17,299.38 ",0,1,0,No,1072  min,249.3  min,17,44.3,19  days,2024-01-01,0  days,66  %,37  nos,Documentary,4,3,3,Laptop,6,0,0,5G,0,2,7,28,4,0,0,N/A
CUST00036,ZEE5,42,35-44,Female,Pune,41,2020-08-07,Hindi,Basic,Credit Card,Annual,Yes, ₹ 145.72 ," ₹ 5,311.49 ",0,0,2,No,1861  min,432.8  min,17,49,21  days,2024-01-01,0  days,69  %,48  nos,Sci-Fi,4,6,7,Mobile,5,1,0,4G,0,4,3,7,15,18.1,0,N/A
CUST00037,SonyLiv,22,18-24,Female,Kolkata,57,2019-03-29,English,Standard,Net Banking,Monthly,No, ₹ 255.93 ," ₹ 12,890.45 ",0,0,0,Yes,967  min,224.9  min,12,66.8,24  days,2023-12-29,3  days,84.6  %,33  nos,Action,0,2,5,Laptop,2,0,0,5G,2,5,5,31,7,0,0,N/A
CUST00038,Netflix,22,18-24,Male,Bangalore,33,2021-04-07,English,Standard,UPI,Quarterly,No, ₹ 281.59 ," ₹ 8,132.48 ",0,1,0,No,506  min,117.7  min,30,60.5,9  days,2024-01-01,0  days,33.3  %,51  nos,Drama,5,4,5,Laptop,6,1,2,WiFi,0,2,8,21,14,0,1,Technical Issues
CUST00039,ZEE5,25,25-34,Female,Pune,28,2021-09-11,Telugu,Basic,Net Banking,Quarterly,Yes, ₹ 154.58 ," ₹ 4,180.53 ",1,0,0,No,1153  min,268.1  min,21,41.3,13  days,2024-01-01,0  days,89.5  %,72  nos,Reality,0,6,4,Laptop,2,0,0,4G,0,3,3,16,5,31,0,N/A
CUST00040,Netflix,24,18-24,Female,Hyderabad,5,2023-07-14,Gujarati,Standard,UPI,Monthly,Yes, ₹ 299.67 ," ₹ 1,371.03 ",1,0,1,No,102  min,23.7  min,20,69.6,5  days,2023-12-07,25  days,78.9  %,78  nos,Sci-Fi,12,3,3,Laptop,6,1,2,WiFi,1,5,4,27,5,0,0,N/A
CUST00041,ZEE5,35,35-44,Male,Jaipur,53,2019-07-30,Malayalam,Standard,UPI,Quarterly,Yes, ₹ 309.07 ," ₹ 14,526.81 ",1,0,0,No,1132  min,263.3  min,12,40.2,14  days,2023-12-31,1  days,79.2  %,17  nos,Romance,0,8,6,Tablet,1,0,1,WiFi,3,5,5,17,10,0,0,N/A
CUST00042,JioHotstar,18,18-24,Male,Mumbai,34,2021-02-23,Marathi,Basic,UPI,Annual,Yes, ₹ 150.28 ," ₹ 5,017.79 ",0,0,0,No,922  min,214.4  min,22,43.6,17  days,2023-12-31,1  days,7.2  %,45  nos,Romance,17,4,2,Smart TV,2,1,0,4G,0,2,4,21,6,38.4,0,N/A
CUST00043,Netflix,33,25-34,Male,Jaipur,52,2019-09-02,Telugu,Premium,Debit Card,Monthly,No, ₹ 499.06 ," ₹ 22,420.68 ",1,0,0,Yes,0  min,0  min,25,17.7,12  days,2023-12-30,2  days,89.2  %,33  nos,Thriller,23,1,1,Mobile,2,1,0,4G,0,4,5,31,8,0,0,N/A
CUST00044,JioHotstar,22,18-24,Male,Jaipur,23,2022-01-24,Marathi,Premium,UPI,Monthly,Yes, ₹ 522.93 ," ₹ 10,570.72 ",0,0,0,Yes,836  min,194.4  min,27,27.7,0  days,2023-12-30,2  days,56.1  %,69  nos,Sports,12,8,7,Desktop,3,1,0,4G,1,2,3,39,4,0,0,N/A
CUST00045,JioHotstar,21,18-24,Male,Lucknow,52,2019-08-29,Gujarati,Standard,Wallet,Annual,Yes, ₹ 309.73 ," ₹ 14,561.92 ",0,0,0,No,587  min,136.5  min,25,57.1,23  days,2023-12-30,2  days,58.5  %,34  nos,Sports,28,5,6,Mobile,3,1,1,WiFi,0,4,5,21,9,0,0,N/A
CUST00046,Amazon Prime,40,35-44,Female,Ahmedabad,8,2023-05-06,Hindi,Standard,Credit Card,Monthly,Yes, ₹ 316.21 ," ₹ 2,169.72 ",3,1,1,No,666  min,154.9  min,23,68.5,15  days,2023-12-12,20  days,39.1  %,38  nos,Sci-Fi,14,8,5,Mobile,2,0,2,WiFi,0,2,7,45,9,0,1,Technical Issues
CUST00047,JioHotstar,20,18-24,Male,Lucknow,21,2022-03-20,English,Family,UPI,Annual,Yes, ₹ 657.89 ," ₹ 13,382.03 ",0,1,0,Yes,586  min,136.3  min,23,42.6,16  days,2023-12-31,1  days,55.9  %,23  nos,Sports,6,6,3,Mobile,3,1,0,5G,1,1,4,34,7,0,1,Technical Issues
CUST00048,Amazon Prime,45,45-54,Female,Mumbai,42,2020-07-02,English,Family,UPI,Monthly,Yes, ₹ 671.32 ," ₹ 24,630.37 ",1,0,0,Yes,640  min,148.8  min,14,27.3,8  days,2023-12-31,1  days,62.3  %,70  nos,Drama,21,7,4,Mobile,2,0,1,WiFi,1,4,5,20,10,0,0,N/A
CUST00049,Amazon Prime,30,25-34,Male,Kolkata,49,2019-12-16,Bengali,Premium,Credit Card,Quarterly,No, ₹ 526.81 ," ₹ 24,992.15 ",0,0,0,No,888  min,206.5  min,32,78.2,10  days,2023-12-25,7  days,72.1  %,18  nos,Thriller,18,3,2,Smart TV,3,1,0,4G,1,2,6,11,0,0,0,N/A
CUST00050,ZEE5,21,18-24,Female,Delhi,5,2023-08-02,Tamil,Premium,Debit Card,Annual,No, ₹ 503.94 ," ₹ 2,307.73 ",0,1,0,No,934  min,217.2  min,25,26.6,6  days,2023-12-28,4  days,76.3  %,49  nos,Romance,14,3,2,Laptop,2,2,1,5G,0,2,0,30,12,0,0,N/A
CUST00051,Amazon Prime,18,18-24,Male,Mumbai,30,2021-07-01,Marathi,Standard,UPI,Monthly,Yes, ₹ 278.81 ," ₹ 8,189.30 ",1,0,0,No,826  min,192.1  min,28,32.1,8  days,2024-01-01,0  days,88.2  %,24  nos,Action,0,7,1,Desktop,3,2,2,4G,1,3,6,41,13,0,0,N/A
CUST00052,Netflix,37,35-44,Female,Ahmedabad,36,2021-01-04,Malayalam,Family,UPI,Quarterly,Yes, ₹ 664.31 ," ₹ 22,091.84 ",0,0,1,Yes,823  min,191.4  min,24,36.4,12  days,2023-12-12,20  days,74.7  %,33  nos,Horror,10,5,3,Smart TV,5,2,0,WiFi,1,4,6,27,6,0,0,N/A
CUST00053,Netflix,35,35-44,Male,Ahmedabad,20,2022-04-21,Kannada,Premium,Debit Card,Monthly,Yes, ₹ 493.09 ," ₹ 8,860.74 ",1,0,0,No,1426  min,331.6  min,17,5,9  days,2023-12-29,3  days,55  %,59  nos,Documentary,20,3,4,Tablet,5,1,1,5G,0,2,4,31,5,0,1,Financial Constraint
CUST00054,Amazon Prime,39,35-44,Male,Jaipur,25,2021-11-22,Malayalam,Standard,Net Banking,Monthly,Yes, ₹ 326.52 ," ₹ 8,074.44 ",0,0,0,No,1305  min,303.5  min,22,48.6,16  days,2023-12-25,7  days,74.8  %,15  nos,Sci-Fi,23,6,3,Mobile,1,2,1,3G,3,4,4,32,6,0,0,N/A
CUST00055,Netflix,35,35-44,Male,Jaipur,1,2023-11-04,Gujarati,Standard,UPI,Annual,Yes, ₹ 286.08 , ₹ 283.81 ,0,0,0,No,892  min,207.4  min,15,61,2  days,2023-12-31,1  days,86  %,22  nos,Comedy,19,4,1,Smart TV,4,2,0,4G,3,4,7,57,0,0,0,N/A
CUST00056,Netflix,25,25-34,Female,Ahmedabad,17,2022-07-21,Malayalam,Standard,Credit Card,Annual,Yes, ₹ 328.48 ," ₹ 5,483.08 ",0,1,0,No,759  min,176.5  min,27,80,6  days,2023-12-29,3  days,80.7  %,35  nos,Romance,6,7,2,Laptop,0,0,0,5G,1,2,5,6,11,0,0,N/A
CUST00057,SonyLiv,32,25-34,Male,Mumbai,20,2022-05-02,Bengali,Premium,Debit Card,Quarterly,No, ₹ 469.85 ," ₹ 8,616.88 ",0,0,0,No,1333  min,310  min,13,54.6,30  days,2023-12-31,1  days,61.8  %,53  nos,Horror,17,5,2,Smart TV,4,1,3,4G,1,2,10,35,6,0,0,N/A
CUST00058,Amazon Prime,23,18-24,Male,Chennai,40,2020-09-17,Kannada,Basic,Net Banking,Monthly,No, ₹ 105.96 ," ₹ 4,051.00 ",0,0,1,No,612  min,142.3  min,16,32,15  days,2023-12-27,5  days,73.8  %,63  nos,Documentary,0,1,4,Desktop,2,0,0,4G,0,3,1,18,8,38.2,0,N/A
CUST00059,Netflix,21,18-24,Female,Bangalore,35,2021-02-07,Marathi,Premium,UPI,Monthly,Yes, ₹ 524.31 ," ₹ 16,855.98 ",1,0,0,No,553  min,128.6  min,8,63.4,21  days,2023-12-30,2  days,51.6  %,50  nos,Documentary,19,9,2,Tablet,2,0,1,3G,0,3,4,38,2,0,0,N/A
CUST00060,SonyLiv,18,18-24,Male,Lucknow,48,2020-01-14,Kannada,Standard,UPI,Annual,No, ₹ 324.45 ," ₹ 14,125.28 ",0,1,1,No,710  min,165.1  min,17,55.9,14  days,2023-12-30,2  days,43  %,32  nos,Sci-Fi,0,8,3,Tablet,2,2,0,WiFi,0,3,4,17,7,0,1,Found Alternative
CUST00061,ZEE5,27,25-34,Non-Binary,Delhi,30,2021-06-27,English,Premium,Net Banking,Monthly,Yes, ₹ 459.41 ," ₹ 12,334.05 ",0,0,0,Yes,1199  min,278.8  min,16,91.7,16  days,2023-12-28,4  days,83  %,15  nos,Horror,19,3,6,Laptop,3,2,0,WiFi,2,1,9,14,4,0,0,N/A
CUST00062,Netflix,26,25-34,Female,Lucknow,47,2020-02-05,Tamil,Basic,UPI,Annual,Yes, ₹ 176.49 ," ₹ 7,350.43 ",0,0,0,No,1377  min,320.2  min,15,53.3,24  days,2023-12-17,15  days,61.1  %,36  nos,Comedy,13,6,1,Mobile,4,0,0,4G,1,4,8,31,11,45.3,0,N/A
CUST00063,JioHotstar,25,25-34,Female,Ahmedabad,20,2022-04-22,Gujarati,Basic,Credit Card,Monthly,Yes, ₹ 157.64 ," ₹ 2,982.05 ",1,0,1,No,593  min,137.9  min,19,28.6,13  days,2023-12-30,2  days,51.5  %,37  nos,Romance,7,6,3,Smart TV,1,0,0,WiFi,0,3,8,22,6,0,0,N/A
CUST00064,SonyLiv,38,35-44,Male,Pune,40,2020-09-17,Marathi,Standard,Wallet,Monthly,No, ₹ 274.21 ," ₹ 10,406.10 ",1,0,0,No,0  min,0  min,19,81,22  days,2024-01-01,0  days,42.9  %,55  nos,Reality,23,6,1,Tablet,1,1,0,4G,1,4,8,12,3,0,0,N/A
CUST00065,ZEE5,43,35-44,Female,Kolkata,53,2019-07-28,Telugu,Standard,Credit Card,Quarterly,Yes, ₹ 293.54 ," ₹ 14,805.64 ",0,1,2,No,588  min,136.7  min,16,60.1,13  days,2023-12-30,2  days,100  %,68  nos,Comedy,24,0,6,Smart TV,1,2,0,5G,2,2,5,8,0,0,0,N/A
CUST00066,Amazon Prime,44,35-44,Male,Lucknow,25,2021-11-15,Tamil,Basic,UPI,Annual,Yes, ₹ 142.60 ," ₹ 3,100.92 ",1,0,0,No,790  min,183.7  min,20,64.4,25  days,2023-12-31,1  days,72.5  %,21  nos,Horror,6,6,1,Smart TV,3,1,0,5G,0,4,5,0,11,0,0,N/A
CUST00067,Netflix,31,25-34,Female,Ahmedabad,56,2019-05-26,Bengali,Premium,Credit Card,Monthly,No, ₹ 499.30 ," ₹ 24,357.03 ",0,1,1,No,1186  min,275.8  min,23,53.8,14  days,2024-01-01,0  days,60.2  %,43  nos,Documentary,24,3,4,Desktop,5,0,0,5G,0,2,10,23,4,0,1,Financial Constraint
CUST00068,Netflix,31,25-34,Female,Ahmedabad,26,2021-11-08,Bengali,Standard,UPI,Annual,Yes, ₹ 309.74 ," ₹ 7,127.71 ",0,0,0,Yes,920  min,214  min,14,38.6,22  days,2023-12-28,4  days,76.2  %,46  nos,Sports,11,6,3,Mobile,1,1,0,4G,2,5,6,22,6,0,0,N/A
CUST00069,JioHotstar,30,25-34,Male,Kolkata,45,2020-04-12,Kannada,Basic,UPI,Monthly,No, ₹ 176.46 ," ₹ 6,887.91 ",0,0,0,Yes,819  min,190.5  min,8,54,16  days,2023-12-31,1  days,33  %,49  nos,Sports,35,4,7,Mobile,4,2,0,4G,0,2,7,22,11,9.6,0,N/A
CUST00070,JioHotstar,25,25-34,Female,Pune,41,2020-08-17,Tamil,Premium,Debit Card,Annual,Yes, ₹ 477.32 ," ₹ 19,391.21 ",2,0,0,No,1739  min,404.4  min,16,37.8,9  days,2023-12-30,2  days,38.1  %,7  nos,Horror,17,7,1,Mobile,2,0,0,WiFi,0,3,6,22,0,0,0,N/A
CUST00071,Amazon Prime,51,45-54,Non-Binary,Hyderabad,38,2020-11-12,Marathi,Basic,UPI,Annual,No, ₹ 159.98 ," ₹ 5,918.92 ",1,0,3,Yes,1953  min,454.2  min,16,75.2,3  days,2023-12-28,4  days,64.8  %,28  nos,Thriller,4,3,5,Smart TV,4,1,0,4G,0,3,4,16,8,13.3,1,Financial Constraint
CUST00072,Netflix,21,18-24,Male,Lucknow,15,2022-10-08,English,Premium,Debit Card,Quarterly,No, ₹ 512.59 ," ₹ 6,804.25 ",2,0,0,No,440  min,102.3  min,24,56.6,10  days,2023-12-21,11  days,42.3  %,28  nos,Reality,29,5,3,Mobile,2,2,0,5G,1,4,8,34,7,0,1,Price
CUST00073,Netflix,42,35-44,Male,Mumbai,9,2023-03-08,Hindi,Standard,UPI,Quarterly,Yes, ₹ 317.48 ," ₹ 2,542.46 ",1,1,0,Yes,1075  min,250  min,24,54.2,25  days,2023-12-18,14  days,17.2  %,38  nos,Documentary,19,3,0,Smart TV,4,3,0,4G,2,3,6,41,3,0,0,N/A
CUST00074,SonyLiv,29,25-34,Female,Delhi,31,2021-05-21,Gujarati,Basic,Debit Card,Annual,No, ₹ 126.66 ," ₹ 3,725.56 ",1,1,0,No,495  min,115.1  min,27,50.2,11  days,2023-12-29,3  days,67.9  %,19  nos,Action,3,5,4,Mobile,1,3,0,4G,0,3,6,13,3,41.9,0,N/A
CUST00075,JioHotstar,31,25-34,Male,Ahmedabad,6,2023-07-05,English,Standard,UPI,Monthly,Yes, ₹ 299.66 ," ₹ 1,686.14 ",0,1,0,No,596  min,138.6  min,25,65.7,1  days,2023-12-30,2  days,46.4  %,23  nos,Documentary,8,6,2,Desktop,2,1,0,4G,1,4,8,6,12,0,0,N/A
CUST00076,JioHotstar,38,35-44,Male,Delhi,59,2019-02-20,Gujarati,Premium,UPI,Monthly,Yes, ₹ 468.27 ," ₹ 24,888.34 ",2,0,2,No,1056  min,245.6  min,7,65.9,22  days,2023-12-30,2  days,65.9  %,34  nos,Documentary,11,6,0,Laptop,1,2,0,WiFi,0,2,10,41,1,0,1,Content
CUST00077,ZEE5,38,35-44,Female,Ahmedabad,5,2023-07-18,English,Premium,UPI,Monthly,No, ₹ 488.94 ," ₹ 2,375.67 ",0,1,0,No,1005  min,233.7  min,11,31.2,7  days,2024-01-01,0  days,48.4  %,74  nos,Reality,11,9,4,Desktop,4,1,1,4G,1,4,3,5,0,0,0,N/A
CUST00078,Amazon Prime,37,35-44,Female,Pune,60,2019-01-20,Hindi,Family,Debit Card,Monthly,Yes, ₹ 652.68 ," ₹ 34,536.33 ",0,1,0,No,623  min,144.9  min,18,60.9,13  days,2024-01-01,0  days,55.1  %,68  nos,Thriller,2,2,5,Laptop,2,1,0,WiFi,0,4,7,31,10,0,0,N/A
CUST00079,Netflix,29,25-34,Male,Chennai,56,2019-05-24,Kannada,Premium,Wallet,Annual,Yes, ₹ 496.49 ," ₹ 26,313.31 ",0,0,2,Yes,1031  min,239.8  min,26,5,4  days,2023-12-23,9  days,65.3  %,58  nos,Romance,19,6,2,Mobile,1,2,0,WiFi,0,3,7,15,6,0,0,N/A
CUST00080,ZEE5,33,25-34,Male,Bangalore,60,2019-01-16,Tamil,Standard,Credit Card,Monthly,Yes, ₹ 268.46 ," ₹ 13,765.53 ",1,0,0,No,605  min,140.7  min,12,47.3,17  days,2023-12-28,4  days,33.3  %,2  nos,Thriller,33,7,2,Mobile,2,1,0,4G,1,3,5,15,18,0,0,N/A
CUST00081,Amazon Prime,41,35-44,Male,Lucknow,41,2020-07-29,English,Premium,UPI,Annual,Yes, ₹ 477.07 ," ₹ 16,865.25 ",0,0,0,No,1235  min,287.2  min,20,52.8,13  days,2023-12-30,2  days,89.5  %,35  nos,Documentary,29,4,4,Smart TV,4,1,0,WiFi,1,2,4,9,0,0,0,N/A
CUST00082,SonyLiv,30,25-34,Male,Pune,8,2023-04-19,Bengali,Premium,Debit Card,Monthly,Yes, ₹ 486.65 ," ₹ 3,438.00 ",0,0,0,No,1160  min,269.8  min,8,41,13  days,2023-12-24,8  days,70.4  %,70  nos,Action,28,7,6,Mobile,4,1,0,WiFi,0,3,4,16,12,0,0,N/A
CUST00083,Netflix,30,25-34,Male,Hyderabad,9,2023-04-01,Hindi,Standard,Credit Card,Monthly,Yes, ₹ 271.55 ," ₹ 2,161.71 ",0,0,0,No,912  min,212.1  min,22,65.6,9  days,2023-12-27,5  days,82.1  %,41  nos,Horror,14,5,6,Mobile,2,1,0,5G,0,3,7,18,8,0,0,N/A
CUST00084,Netflix,19,18-24,Female,Hyderabad,40,2020-09-09,Kannada,Standard,Net Banking,Monthly,Yes, ₹ 322.29 ," ₹ 10,998.19 ",2,2,1,No,617  min,143.5  min,19,68.2,8  days,2023-12-24,8  days,44.7  %,35  nos,Reality,14,5,3,Smart TV,8,1,0,4G,0,3,7,26,6,0,0,N/A
CUST00085,Amazon Prime,37,35-44,Male,Pune,41,2020-08-13,Kannada,Standard,Credit Card,Monthly,Yes, ₹ 269.58 ," ₹ 9,947.06 ",3,0,0,Yes,956  min,222.3  min,17,31.9,22  days,2023-12-30,2  days,88.4  %,79  nos,Sports,15,6,4,Smart TV,0,2,3,4G,1,3,3,29,6,0,0,N/A
CUST00086,SonyLiv,49,45-54,Male,Bangalore,17,2022-08-06,English,Basic,UPI,Quarterly,No, ₹ 180.46 ," ₹ 2,909.29 ",0,0,0,Yes,577  min,134.2  min,16,63.6,15  days,2023-12-22,10  days,42.4  %,52  nos,Sci-Fi,21,4,4,Smart TV,1,4,0,4G,0,2,4,16,0,30.4,0,N/A
CUST00087,JioHotstar,18,18-24,Female,Lucknow,23,2022-02-09,Marathi,Basic,UPI,Monthly,Yes, ₹ 139.74 ," ₹ 2,864.34 ",1,0,0,Yes,747  min,173.7  min,13,72.4,6  days,2024-01-01,0  days,76.9  %,28  nos,Sports,10,3,3,Mobile,2,1,0,4G,0,2,1,20,2,0,1,Content
CUST00088,Amazon Prime,37,35-44,Female,Delhi,42,2020-06-21,Gujarati,Standard,Debit Card,Annual,No, ₹ 331.82 ," ₹ 11,931.73 ",1,1,0,No,788  min,183.3  min,24,44,4  days,2023-12-26,6  days,0  %,10  nos,Reality,10,5,2,Laptop,4,1,1,WiFi,1,4,3,16,10,0,0,N/A
CUST00089,Netflix,27,25-34,Male,Delhi,56,2019-05-17,Marathi,Family,UPI,Quarterly,Yes, ₹ 656.61 ," ₹ 35,157.54 ",1,0,0,No,823  min,191.4  min,13,68.9,14  days,2023-12-23,9  days,48.1  %,29  nos,Sports,19,5,0,Smart TV,4,1,0,WiFi,1,2,4,24,12,0,0,N/A
CUST00090,Amazon Prime,47,45-54,Male,Hyderabad,47,2020-02-11,Hindi,Premium,Debit Card,Monthly,Yes, ₹ 494.88 ," ₹ 22,137.26 ",0,0,0,No,689  min,160.2  min,29,37.3,16  days,2024-01-01,0  days,53  %,17  nos,Reality,39,4,3,Tablet,0,1,0,WiFi,1,3,2,34,5,0,0,N/A
CUST00091,Netflix,20,18-24,Male,Pune,9,2023-03-13,English,Standard,Credit Card,Annual,No, ₹ 290.00 ," ₹ 2,480.85 ",1,1,1,No,1402  min,326  min,16,58.4,14  days,2023-12-25,7  days,90.9  %,25  nos,Sports,2,4,7,Mobile,2,2,1,4G,0,3,4,15,1,0,0,N/A
CUST00092,Netflix,27,25-34,Male,Chennai,24,2022-01-02,Malayalam,Basic,Wallet,Monthly,Yes, ₹ 125.91 ," ₹ 2,925.80 ",1,0,0,No,461  min,107.2  min,20,43.9,17  days,2023-12-29,3  days,61.3  %,7  nos,Sports,27,6,3,Laptop,5,0,0,5G,0,4,9,21,9,23.6,0,N/A
CUST00093,Amazon Prime,18,18-24,Female,Bangalore,41,2020-07-27,Kannada,Basic,UPI,Quarterly,Yes, ₹ 154.40 ," ₹ 6,237.97 ",0,0,0,No,416  min,96.7  min,16,47.5,6  days,2023-12-21,11  days,90.3  %,23  nos,Action,20,6,3,Smart TV,3,0,0,4G,1,3,7,49,0,46.6,0,N/A
CUST00094,Amazon Prime,31,25-34,Male,Ahmedabad,16,2022-08-10,Gujarati,Basic,Wallet,Annual,No, ₹ 158.01 ," ₹ 2,222.51 ",0,0,0,No,734  min,170.7  min,33,56.1,4  days,2023-12-31,1  days,27.7  %,60  nos,Reality,19,5,1,Desktop,3,2,0,4G,0,3,6,30,5,35.7,0,N/A
CUST00095,Amazon Prime,18,18-24,Female,Bangalore,56,2019-05-05,Telugu,Premium,UPI,Monthly,Yes, ₹ 485.84 ," ₹ 26,693.30 ",0,0,1,No,762  min,177.2  min,19,25.7,12  days,2023-12-28,4  days,68.6  %,49  nos,Drama,12,7,4,Laptop,2,1,0,4G,0,2,6,37,8,0,1,Price
CUST00096,Netflix,18,18-24,Male,Jaipur,11,2023-02-04,Kannada,Basic,UPI,Annual,No, ₹ 156.07 ," ₹ 1,698.87 ",2,0,0,No,797  min,185.3  min,19,77.6,8  days,2023-12-26,6  days,100  %,34  nos,Documentary,17,8,3,Smart TV,0,0,0,WiFi,2,2,9,37,10,32.4,0,N/A
CUST00097,Amazon Prime,37,35-44,Male,Delhi,58,2019-03-20,Marathi,Premium,UPI,Monthly,No, ₹ 484.86 ," ₹ 26,839.83 ",1,0,0,Yes,1242  min,288.8  min,12,52.2,4  days,2023-12-31,1  days,76.4  %,0  nos,Sci-Fi,27,5,1,Smart TV,0,2,0,WiFi,0,3,4,17,7,0,0,N/A
CUST00098,Netflix,32,25-34,Female,Jaipur,50,2019-11-04,Gujarati,Standard,Net Banking,Monthly,Yes, ₹ 288.60 ," ₹ 12,781.60 ",0,0,0,No,864  min,200.9  min,17,10.4,24  days,2023-12-14,18  days,30.3  %,46  nos,Reality,4,4,3,Smart TV,3,0,1,WiFi,0,4,0,20,2,0,0,N/A
CUST00099,JioHotstar,18,18-24,Male,Jaipur,40,2020-09-11,Telugu,Premium,UPI,Monthly,Yes, ₹ 474.25 ," ₹ 17,748.32 ",0,1,0,Yes,943  min,219.3  min,14,31.1,5  days,2023-12-27,5  days,30  %,71  nos,Drama,6,6,4,Smart TV,3,0,1,WiFi,0,4,8,37,9,0,0,N/A
CUST00100,JioHotstar,29,25-34,Female,Jaipur,38,2020-10-24,Hindi,Standard,Credit Card,Quarterly,No, ₹ 262.48 ," ₹ 8,857.60 ",1,0,0,Yes,1357  min,315.6  min,19,63.6,17  days,2023-12-28,4  days,46  %,26  nos,Drama,7,5,5,Mobile,3,1,1,4G,0,4,8,28,6,0,0,N/A
CUST00101,SonyLiv,18,18-24,Female,Hyderabad,10,2023-03-04,Hindi,Standard,Credit Card,Quarterly,No, ₹ 294.82 ," ₹ 2,808.76 ",0,0,0,No,1113  min,258.8  min,9,83.2,5  days,2023-12-31,1  days,68.8  %,44  nos,Sci-Fi,15,5,2,Smart TV,3,0,0,5G,3,3,6,14,4,0,1,Financial Constraint
CUST00102,Amazon Prime,43,35-44,Male,Mumbai,55,2019-06-26,Telugu,Premium,Credit Card,Monthly,Yes, ₹ 527.73 ," ₹ 28,221.47 ",0,0,1,No,1166  min,271.2  min,33,27.4,11  days,2024-01-01,0  days,49.8  %,45  nos,Action,30,2,3,Laptop,5,1,1,WiFi,0,2,5,17,7,0,0,N/A
CUST00103,SonyLiv,34,25-34,Female,Hyderabad,19,2022-05-22,English,Premium,Credit Card,Monthly,Yes, ₹ 520.38 ," ₹ 9,822.67 ",1,1,0,No,936  min,217.7  min,31,26.1,5  days,2024-01-01,0  days,87.7  %,21  nos,Comedy,18,9,4,Smart TV,2,1,0,4G,0,4,10,32,1,0,0,N/A
CUST00104,Amazon Prime,51,45-54,Female,Pune,6,2023-06-24,Kannada,Standard,UPI,Monthly,Yes, ₹ 298.61 ," ₹ 1,544.43 ",0,0,0,No,1535  min,357  min,22,73,4  days,2023-12-29,3  days,77  %,21  nos,Romance,0,2,1,Smart TV,4,1,1,4G,0,4,7,25,5,0,0,N/A
CUST00105,Amazon Prime,30,25-34,Male,Hyderabad,42,2020-06-21,Kannada,Basic,Wallet,Annual,Yes, ₹ 150.57 ," ₹ 5,980.09 ",0,0,1,No,48  min,11.2  min,8,11.3,1  days,2023-12-27,5  days,37.9  %,79  nos,Comedy,7,5,4,Desktop,1,0,1,WiFi,0,5,8,27,13,57.1,0,N/A
CUST00106,SonyLiv,26,25-34,Male,Delhi,17,2022-08-06,Marathi,Standard,UPI,Monthly,Yes, ₹ 282.68 ," ₹ 4,409.05 ",0,1,0,No,931  min,216.5  min,17,43.5,27  days,2024-01-01,0  days,37.3  %,64  nos,Sci-Fi,18,5,4,Laptop,1,1,0,4G,2,2,4,48,3,0,0,N/A
CUST00107,Amazon Prime,26,25-34,Female,Chennai,8,2023-04-14,Hindi,Premium,Credit Card,Monthly,Yes, ₹ 496.06 ," ₹ 3,529.04 ",0,1,0,No,657  min,152.8  min,17,53.5,16  days,2023-12-28,4  days,87.8  %,28  nos,Sci-Fi,27,8,2,Mobile,4,0,0,4G,0,3,4,18,5,0,0,N/A
CUST00108,ZEE5,30,25-34,Male,Bangalore,59,2019-02-20,English,Standard,UPI,Monthly,Yes, ₹ 304.72 ," ₹ 17,120.72 ",0,0,1,No,0  min,0  min,12,45.2,14  days,2023-12-28,4  days,50.3  %,43  nos,Horror,25,2,0,Laptop,3,2,0,4G,0,2,6,28,8,0,0,N/A
CUST00109,Amazon Prime,28,25-34,Male,Bangalore,49,2019-12-06,Tamil,Premium,Debit Card,Monthly,Yes, ₹ 478.75 ," ₹ 20,428.62 ",0,0,0,No,1361  min,316.5  min,29,39,0  days,2023-12-30,2  days,67.2  %,50  nos,Action,5,3,5,Mobile,4,2,0,4G,0,4,4,37,5,0,0,N/A
CUST00110,ZEE5,47,45-54,Male,Delhi,5,2023-07-21,Bengali,Standard,Net Banking,Monthly,Yes, ₹ 323.02 ," ₹ 1,472.03 ",2,0,0,No,1013  min,235.6  min,28,5,17  days,2023-12-04,28  days,15.1  %,47  nos,Comedy,6,5,3,Desktop,3,1,0,4G,1,4,3,24,7,0,0,N/A
CUST00111,JioHotstar,35,35-44,Male,Jaipur,44,2020-05-01,Tamil,Premium,UPI,Monthly,No, ₹ 528.02 ," ₹ 22,645.29 ",0,0,0,No,1162  min,270.2  min,24,39.8,30  days,2024-01-01,0  days,54.4  %,8  nos,Romance,18,1,3,Mobile,3,0,1,WiFi,0,5,8,25,9,0,0,N/A
CUST00112,Amazon Prime,42,35-44,Female,Kolkata,58,2019-03-06,English,Basic,Debit Card,Quarterly,Yes, ₹ 153.49 ," ₹ 7,971.44 ",1,1,0,No,1261  min,293.3  min,13,29.2,9  days,2023-12-31,1  days,50  %,82  nos,Sports,28,3,2,Smart TV,3,2,1,4G,0,3,8,47,11,44.6,0,N/A
CUST00113,Netflix,33,25-34,Female,Lucknow,24,2022-01-10,Hindi,Premium,UPI,Monthly,Yes, ₹ 511.99 ," ₹ 11,507.68 ",0,0,1,No,754  min,175.3  min,14,37.7,14  days,2023-12-27,5  days,88  %,55  nos,Reality,7,7,5,Smart TV,4,0,0,4G,2,2,4,32,4,0,0,N/A
CUST00114,JioHotstar,29,25-34,Male,Kolkata,33,2021-03-18,Telugu,Premium,Net Banking,Monthly,Yes, ₹ 513.88 ," ₹ 14,566.74 ",2,0,1,No,701  min,163  min,16,25.2,13  days,2023-12-31,1  days,84.8  %,28  nos,Sci-Fi,11,8,2,Smart TV,3,1,1,WiFi,2,4,8,35,2,0,0,N/A
CUST00115,SonyLiv,40,35-44,Male,Hyderabad,28,2021-09-07,Tamil,Premium,Debit Card,Monthly,Yes, ₹ 497.71 ," ₹ 12,101.62 ",0,0,0,No,929  min,216  min,15,66,16  days,2023-12-29,3  days,58.3  %,52  nos,Comedy,6,7,5,Mobile,2,3,0,WiFi,1,3,9,30,8,0,0,N/A
CUST00116,JioHotstar,18,18-24,Male,Bangalore,56,2019-05-11,Marathi,Family,Net Banking,Monthly,Yes, ₹ 622.68 ," ₹ 34,849.00 ",0,0,0,No,906  min,210.7  min,26,22.2,14  days,2023-12-12,20  days,61.4  %,37  nos,Romance,24,6,3,Smart TV,5,0,0,WiFi,0,5,4,31,9,0,0,N/A
CUST00117,Amazon Prime,33,25-34,Male,Lucknow,25,2021-12-10,Hindi,Basic,Credit Card,Annual,Yes, ₹ 129.10 ," ₹ 2,971.20 ",0,0,0,No,827  min,192.3  min,29,61.1,13  days,2023-12-24,8  days,55.9  %,26  nos,Drama,0,4,6,Smart TV,3,1,0,5G,0,4,4,37,5,19.4,0,N/A
CUST00118,SonyLiv,24,18-24,Male,Pune,4,2023-08-20,Gujarati,Basic,Debit Card,Monthly,Yes, ₹ 113.58 , ₹ 438.26 ,0,0,2,No,1088  min,253  min,12,38.8,6  days,2023-12-31,1  days,43.8  %,49  nos,Reality,9,3,4,Laptop,3,1,0,WiFi,5,2,3,8,0,10.7,0,N/A
CUST00119,Amazon Prime,33,25-34,Female,Hyderabad,39,2020-10-16,Marathi,Premium,UPI,Monthly,Yes, ₹ 481.14 ," ₹ 16,077.30 ",0,0,1,Yes,1105  min,257  min,10,53.4,8  days,2023-12-30,2  days,67  %,29  nos,Horror,14,4,3,Laptop,3,1,1,4G,0,3,8,10,2,0,0,N/A
CUST00120,ZEE5,18,18-24,Male,Lucknow,22,2022-02-18,Tamil,Standard,Debit Card,Annual,Yes, ₹ 325.40 ," ₹ 6,629.74 ",0,0,1,No,788  min,183.3  min,15,29.4,6  days,2023-12-27,5  days,97.2  %,56  nos,Sci-Fi,25,4,3,Laptop,2,1,0,WiFi,0,3,4,15,7,0,0,N/A
CUST00121,Amazon Prime,29,25-34,Female,Pune,40,2020-08-24,Bengali,Premium,Net Banking,Quarterly,Yes, ₹ 491.56 ," ₹ 18,112.78 ",1,1,1,No,608  min,141.4  min,19,64.9,4  days,2024-01-01,0  days,68.2  %,35  nos,Reality,20,7,2,Smart TV,5,1,1,4G,2,4,5,39,5,0,0,N/A
CUST00122,Netflix,33,25-34,Female,Lucknow,53,2019-07-30,Kannada,Basic,Net Banking,Monthly,No, ₹ 160.43 ," ₹ 7,367.53 ",1,1,0,Yes,1567  min,364.4  min,10,77.3,11  days,2023-12-30,2  days,42.3  %,49  nos,Horror,17,4,7,Smart TV,2,0,0,WiFi,0,4,8,30,2,38.4,0,N/A
CUST00123,Amazon Prime,38,35-44,Female,Ahmedabad,60,2019-01-10,Hindi,Premium,Debit Card,Quarterly,No, ₹ 529.56 ," ₹ 29,287.50 ",1,1,0,No,671  min,156  min,19,65.2,10  days,2023-12-28,4  days,53.1  %,0  nos,Comedy,10,5,3,Smart TV,1,0,0,4G,2,4,7,23,9,0,0,N/A
CUST00124,JioHotstar,33,25-34,Female,Kolkata,42,2020-07-01,Malayalam,Basic,UPI,Quarterly,Yes, ₹ 115.21 ," ₹ 4,819.16 ",0,0,0,No,977  min,227.2  min,20,7.2,28  days,2024-01-01,0  days,90.8  %,69  nos,Romance,0,10,2,Laptop,2,1,0,4G,0,1,7,0,8,0,0,N/A
CUST00125,Amazon Prime,28,25-34,Female,Kolkata,20,2022-04-22,English,Standard,Debit Card,Annual,Yes, ₹ 331.87 ," ₹ 5,985.41 ",0,0,1,No,1044  min,242.8  min,7,56.9,0  days,2024-01-01,0  days,52.4  %,25  nos,Comedy,8,4,0,Mobile,1,0,0,WiFi,0,3,7,18,7,0,0,N/A
CUST00126,Amazon Prime,53,45-54,Male,Kolkata,52,2019-09-24,Malayalam,Basic,UPI,Monthly,Yes, ₹ 120.53 ," ₹ 5,582.79 ",0,0,0,Yes,789  min,183.5  min,11,49.3,11  days,2023-12-16,16  days,97  %,56  nos,Reality,23,6,4,Mobile,4,0,1,WiFi,1,2,7,27,2,39.1,0,N/A
CUST00127,Netflix,46,45-54,Male,Delhi,29,2021-08-08,Marathi,Premium,UPI,Annual,Yes, ₹ 507.97 ," ₹ 13,737.56 ",0,1,1,No,741  min,172.3  min,11,60.3,21  days,2023-12-31,1  days,76.4  %,25  nos,Documentary,0,3,2,Laptop,1,1,0,5G,0,3,5,18,8,0,0,N/A
CUST00128,JioHotstar,32,25-34,Female,Kolkata,22,2022-02-13,Bengali,Standard,UPI,Monthly,Yes, ₹ 300.60 ," ₹ 6,152.08 ",1,1,2,No,556  min,129.3  min,9,73.4,13  days,2023-12-30,2  days,69.4  %,60  nos,Action,22,5,4,Tablet,5,1,0,WiFi,1,2,10,14,11,0,0,N/A
CUST00129,Netflix,30,25-34,Female,Pune,54,2019-07-03,Malayalam,Basic,Net Banking,Annual,Yes, ₹ 142.59 ," ₹ 6,588.15 ",0,0,0,No,656  min,152.6  min,16,64.2,15  days,2024-01-01,0  days,98.7  %,60  nos,Reality,31,2,2,Mobile,5,3,0,3G,0,2,4,24,0,61.4,0,N/A
CUST00130,ZEE5,29,25-34,Female,Ahmedabad,10,2023-03-03,Gujarati,Standard,UPI,Monthly,Yes, ₹ 305.38 ," ₹ 2,805.94 ",1,0,1,No,792  min,184.2  min,3,36.3,19  days,2023-12-31,1  days,57.1  %,25  nos,Comedy,13,4,4,Mobile,2,0,1,WiFi,0,4,4,29,19,0,0,N/A
CUST00131,JioHotstar,24,18-24,Male,Lucknow,59,2019-02-13,Kannada,Premium,Debit Card,Monthly,Yes, ₹ 490.67 ," ₹ 25,409.50 ",1,1,0,Yes,874  min,203.3  min,4,97.8,20  days,2023-12-21,11  days,59.9  %,61  nos,Horror,0,7,2,Tablet,2,0,0,WiFi,0,1,6,18,6,0,0,N/A
CUST00132,Amazon Prime,30,25-34,Male,Hyderabad,21,2022-03-24,Hindi,Basic,Credit Card,Monthly,Yes, ₹ 157.60 ," ₹ 3,044.20 ",0,1,2,Yes,771  min,179.3  min,18,38.2,2  days,2023-12-27,5  days,71.5  %,3  nos,Sports,0,6,6,Tablet,3,2,0,5G,1,4,6,6,8,78.9,0,N/A
CUST00133,JioHotstar,36,35-44,Female,Kolkata,26,2021-11-10,Telugu,Basic,UPI,Monthly,No, ₹ 147.85 ," ₹ 3,616.76 ",0,1,0,No,993  min,230.9  min,26,28.3,23  days,2024-01-01,0  days,19.8  %,21  nos,Sports,11,8,3,Tablet,0,1,0,4G,1,3,4,13,7,42.3,0,N/A
CUST00134,SonyLiv,52,45-54,Female,Lucknow,60,2019-01-09,English,Standard,Debit Card,Monthly,No, ₹ 268.76 ," ₹ 13,978.18 ",1,0,1,No,1004  min,233.5  min,13,47.9,9  days,2023-12-26,6  days,75.2  %,31  nos,Sports,0,3,3,Mobile,2,1,0,4G,0,3,6,24,2,0,0,N/A
CUST00135,SonyLiv,23,18-24,Male,Chennai,49,2019-11-25,Malayalam,Basic,Debit Card,Annual,Yes, ₹ 179.66 ," ₹ 8,160.58 ",2,0,0,No,913  min,212.3  min,19,38.3,13  days,2023-12-31,1  days,62.9  %,60  nos,Action,22,7,4,Smart TV,3,2,1,4G,0,3,2,13,5,0,0,N/A
CUST00136,Netflix,32,25-34,Male,Mumbai,51,2019-09-27,Telugu,Standard,UPI,Monthly,Yes, ₹ 294.02 ," ₹ 14,981.80 ",0,2,0,No,230  min,53.5  min,23,56.6,11  days,2023-12-27,5  days,70.7  %,45  nos,Drama,26,3,2,Desktop,2,2,0,4G,0,3,8,13,7,0,0,N/A
CUST00137,Netflix,40,35-44,Male,Pune,26,2021-10-27,Kannada,Standard,UPI,Monthly,Yes, ₹ 306.22 ," ₹ 7,918.90 ",1,0,0,No,737  min,171.4  min,13,56.5,12  days,2023-12-28,4  days,75.3  %,56  nos,Comedy,18,5,1,Laptop,5,2,0,WiFi,3,3,5,20,10,0,0,N/A
CUST00138,JioHotstar,40,35-44,Female,Chennai,57,2019-03-29,Hindi,Premium,Wallet,Monthly,Yes, ₹ 485.63 ," ₹ 25,289.81 ",0,0,1,No,875  min,203.5  min,20,6,11  days,2023-12-30,2  days,20.6  %,62  nos,Thriller,27,4,0,Mobile,5,2,0,WiFi,2,2,6,31,11,0,0,N/A
CUST00139,ZEE5,18,18-24,Female,Delhi,3,2023-09-28,Kannada,Standard,UPI,Annual,Yes, ₹ 283.77 , ₹ 732.21 ,0,0,1,No,702  min,163.3  min,14,68,16  days,2024-01-01,0  days,66.9  %,28  nos,Sci-Fi,9,3,5,Smart TV,1,0,1,4G,2,4,10,39,11,0,0,N/A
CUST00140,JioHotstar,41,35-44,Male,Chennai,37,2020-11-22,Telugu,Premium,Net Banking,Monthly,No, ₹ 511.75 ," ₹ 16,759.61 ",0,0,0,No,1079  min,250.9  min,8,50.7,8  days,2023-12-31,1  days,76.1  %,57  nos,Reality,14,5,2,Mobile,4,2,0,4G,0,2,7,22,9,0,0,N/A
CUST00141,Amazon Prime,38,35-44,Male,Bangalore,46,2020-03-20,Gujarati,Basic,Credit Card,Monthly,No, ₹ 154.31 ," ₹ 6,970.19 ",0,1,1,No,528  min,122.8  min,13,33.5,12  days,2024-01-01,0  days,61.4  %,21  nos,Documentary,10,3,3,Smart TV,5,0,0,WiFi,2,3,8,39,2,50.9,0,N/A
CUST00142,JioHotstar,30,25-34,Male,Jaipur,22,2022-02-18,Kannada,Standard,UPI,Monthly,Yes, ₹ 301.76 ," ₹ 5,882.87 ",2,0,0,Yes,171  min,39.8  min,13,52.4,18  days,2023-12-31,1  days,62.5  %,35  nos,Comedy,17,3,2,Laptop,4,0,0,5G,1,4,4,14,9,0,0,N/A
CUST00143,ZEE5,32,25-34,Female,Bangalore,27,2021-09-28,Telugu,Basic,Credit Card,Monthly,Yes, ₹ 149.12 ," ₹ 3,646.41 ",1,2,0,No,1243  min,289.1  min,15,35,10  days,2024-01-01,0  days,88.3  %,16  nos,Thriller,33,4,1,Mobile,7,0,1,WiFi,0,3,6,41,7,62.5,0,N/A
CUST00144,Netflix,28,25-34,Male,Lucknow,50,2019-11-10,Gujarati,Basic,UPI,Annual,Yes, ₹ 167.53 ," ₹ 8,262.15 ",0,0,0,Yes,991  min,230.5  min,9,39.9,11  days,2023-12-31,1  days,74.8  %,22  nos,Thriller,26,7,0,Desktop,0,1,0,WiFi,0,4,4,45,5,48.4,0,N/A
CUST00145,Amazon Prime,26,25-34,Male,Lucknow,49,2019-12-22,Telugu,Standard,UPI,Monthly,Yes, ₹ 271.88 ," ₹ 12,255.52 ",0,0,1,No,1065  min,247.7  min,22,37.1,9  days,2023-12-29,3  days,100  %,50  nos,Romance,2,9,2,Mobile,4,1,0,4G,0,3,3,42,6,0,0,N/A
CUST00146,Netflix,26,25-34,Non-Binary,Ahmedabad,52,2019-08-26,Marathi,Family,Credit Card,Monthly,Yes, ₹ 639.57 ," ₹ 29,372.85 ",0,1,0,Yes,557  min,129.5  min,18,58,2  days,2024-01-01,0  days,39.8  %,54  nos,Romance,24,5,4,Smart TV,2,0,0,4G,2,4,8,31,7,0,0,N/A
CUST00147,Amazon Prime,30,25-34,Male,Chennai,26,2021-10-16,Telugu,Standard,Debit Card,Quarterly,Yes, ₹ 309.20 ," ₹ 7,824.06 ",0,0,0,No,1409  min,327.7  min,28,32.5,11  days,2023-12-18,14  days,89.9  %,68  nos,Sci-Fi,10,7,4,Smart TV,2,1,1,4G,0,3,5,27,10,0,0,N/A
CUST00148,Netflix,18,18-24,Female,Bangalore,38,2020-11-17,Hindi,Standard,UPI,Monthly,No, ₹ 341.25 ," ₹ 11,116.74 ",0,0,1,Yes,864  min,200.9  min,30,53.1,7  days,2024-01-01,0  days,70.8  %,59  nos,Comedy,7,8,2,Laptop,3,0,0,WiFi,1,3,4,28,0,0,0,N/A
CUST00149,Netflix,44,35-44,Female,Hyderabad,5,2023-08-01,Malayalam,Premium,UPI,Monthly,Yes, ₹ 485.69 ," ₹ 2,070.28 ",1,0,1,No,1188  min,276.3  min,20,65.5,12  days,2024-01-01,0  days,44.4  %,60  nos,Sports,22,7,6,Desktop,3,2,0,WiFi,0,3,6,23,1,0,0,N/A
CUST00150,JioHotstar,36,35-44,Female,Bangalore,8,2023-04-27,English,Standard,UPI,Quarterly,Yes, ₹ 260.01 ," ₹ 1,878.66 ",0,0,0,No,860  min,200  min,21,27.8,8  days,2023-12-29,3  days,50.2  %,53  nos,Drama,29,4,4,Mobile,2,0,0,WiFi,0,3,5,27,8,0,0,N/A
CUST00151,ZEE5,39,35-44,Male,Delhi,45,2020-04-03,Hindi,Basic,Credit Card,Quarterly,Yes, ₹ 167.47 ," ₹ 6,416.41 ",2,0,0,Yes,479  min,111.4  min,18,74.8,8  days,2023-12-31,1  days,55.7  %,67  nos,Sci-Fi,8,2,1,Laptop,5,2,0,4G,1,3,7,17,8,21.5,0,N/A
CUST00152,ZEE5,36,35-44,Non-Binary,Jaipur,3,2023-09-06,Telugu,Basic,UPI,Annual,Yes, ₹ 143.48 , ₹ 368.88 ,0,0,0,Yes,1007  min,234.2  min,17,11.3,15  days,2024-01-01,0  days,64.3  %,29  nos,Romance,16,5,2,Tablet,2,2,0,4G,0,4,9,14,10,47.6,0,N/A
CUST00153,ZEE5,27,25-34,Male,Chennai,41,2020-08-17,Tamil,Premium,Net Banking,Monthly,Yes, ₹ 483.56 ," ₹ 17,335.18 ",1,0,1,Yes,1543  min,358.8  min,9,11.3,13  days,2024-01-01,0  days,51.9  %,6  nos,Documentary,3,5,3,Laptop,2,2,0,4G,2,4,5,41,14,0,0,N/A
CUST00154,JioHotstar,48,45-54,Female,Delhi,35,2021-02-10,Marathi,Basic,Credit Card,Annual,Yes, ₹ 155.10 ," ₹ 5,240.41 ",1,0,1,No,870  min,202.3  min,11,35,6  days,2024-01-01,0  days,86.9  %,0  nos,Documentary,30,4,4,Desktop,4,1,1,WiFi,0,4,5,30,9,60.1,0,N/A
CUST00155,SonyLiv,39,35-44,Male,Chennai,25,2021-12-04,Gujarati,Family,Credit Card,Quarterly,Yes, ₹ 668.39 ," ₹ 14,418.08 ",0,0,1,No,879  min,204.4  min,22,38.6,6  days,2023-12-17,15  days,81  %,32  nos,Thriller,11,4,4,Laptop,4,1,0,WiFi,2,4,5,25,8,0,0,N/A
CUST00156,JioHotstar,55,55+,Female,Pune,22,2022-02-22,Marathi,Basic,UPI,Monthly,Yes, ₹ 107.01 ," ₹ 2,096.35 ",0,0,1,Yes,1173  min,272.8  min,12,44,18  days,2023-12-31,1  days,100  %,25  nos,Comedy,20,3,4,Smart TV,4,1,0,4G,3,3,6,24,4,31.3,0,N/A
CUST00157,Netflix,18,18-24,Male,Jaipur,7,2023-05-26,Marathi,Premium,UPI,Monthly,No, ₹ 544.54 ," ₹ 3,654.45 ",0,0,0,No,406  min,94.4  min,21,64.8,17  days,2023-12-20,12  days,61.2  %,54  nos,Thriller,20,5,4,Smart TV,2,3,0,WiFi,0,4,5,33,9,0,0,N/A
CUST00158,Netflix,35,35-44,Male,Ahmedabad,10,2023-02-07,English,Basic,UPI,Monthly,No, ₹ 143.57 ," ₹ 1,298.12 ",0,1,0,No,1183  min,275.1  min,18,42.2,11  days,2023-12-23,9  days,39.6  %,31  nos,Sci-Fi,0,6,3,Smart TV,5,2,0,WiFi,0,2,1,27,8,26.5,1,Content
CUST00159,ZEE5,36,35-44,Male,Lucknow,26,2021-10-15,Marathi,Standard,Credit Card,Annual,Yes, ₹ 299.82 ," ₹ 7,321.04 ",0,0,0,No,171  min,39.8  min,12,17.2,25  days,2024-01-01,0  days,39.5  %,23  nos,Reality,18,3,3,Tablet,6,1,0,WiFi,1,3,7,24,1,0,0,N/A
CUST00160,ZEE5,18,18-24,Female,Kolkata,51,2019-10-19,Malayalam,Family,UPI,Monthly,Yes, ₹ 663.98 ," ₹ 32,775.30 ",0,0,0,No,1519  min,353.3  min,15,43.6,18  days,2023-12-31,1  days,51.3  %,38  nos,Reality,6,1,5,Mobile,6,1,0,3G,0,2,7,37,5,0,1,Financial Constraint
CUST00161,Netflix,41,35-44,Female,Chennai,30,2021-06-18,Bengali,Premium,UPI,Annual,No, ₹ 501.47 ," ₹ 14,306.14 ",1,0,0,Yes,1198  min,278.6  min,20,90.5,8  days,2023-12-31,1  days,64.2  %,4  nos,Romance,16,4,1,Mobile,3,2,0,4G,0,2,3,28,14,0,0,N/A
CUST00162,SonyLiv,22,18-24,Male,Lucknow,33,2021-03-26,Kannada,Standard,UPI,Annual,Yes, ₹ 257.79 ," ₹ 7,277.92 ",0,0,0,No,1336  min,310.7  min,19,36.1,12  days,2023-12-30,2  days,72.4  %,59  nos,Sports,16,6,3,Smart TV,4,0,1,5G,1,4,4,12,8,0,0,N/A
CUST00163,Netflix,33,25-34,Female,Bangalore,45,2020-04-16,Hindi,Standard,Debit Card,Quarterly,No, ₹ 277.43 ," ₹ 11,232.66 ",1,1,0,No,562  min,130.7  min,23,45.6,0  days,2023-12-26,6  days,60.5  %,21  nos,Drama,44,7,5,Mobile,1,2,1,WiFi,0,2,8,30,3,0,0,N/A
CUST00164,Amazon Prime,26,25-34,Female,Lucknow,16,2022-09-06,Malayalam,Standard,Credit Card,Quarterly,Yes, ₹ 289.66 ," ₹ 4,044.17 ",0,0,0,No,306  min,71.2  min,22,10.5,0  days,2023-12-26,6  days,50  %,45  nos,Sci-Fi,19,3,3,Mobile,3,1,1,WiFi,1,2,2,15,8,0,0,N/A
CUST00165,Netflix,25,25-34,Female,Bangalore,24,2021-12-19,Bengali,Standard,UPI,Monthly,Yes, ₹ 312.18 ," ₹ 6,478.19 ",1,0,1,No,1348  min,313.5  min,13,57,1  days,2023-12-26,6  days,35.1  %,21  nos,Sci-Fi,28,6,3,Mobile,2,1,1,WiFi,1,3,4,21,0,0,0,N/A
CUST00166,Netflix,29,25-34,Female,Delhi,47,2020-02-15,Tamil,Family,Net Banking,Monthly,Yes, ₹ 645.13 ," ₹ 27,278.34 ",0,0,1,No,1116  min,259.5  min,26,49.2,15  days,2023-12-27,5  days,64.8  %,7  nos,Sci-Fi,8,3,5,Mobile,1,0,3,WiFi,1,2,7,4,5,0,1,Found Alternative
CUST00167,Amazon Prime,28,25-34,Male,Lucknow,14,2022-10-24,Malayalam,Standard,Credit Card,Annual,Yes, ₹ 332.50 ," ₹ 4,482.06 ",1,0,0,No,100  min,23.3  min,18,57.3,16  days,2023-12-19,13  days,73.2  %,47  nos,Drama,27,4,2,Smart TV,1,0,0,4G,1,3,7,34,0,0,0,N/A
CUST00168,Amazon Prime,23,18-24,Male,Delhi,18,2022-06-13,Malayalam,Standard,Debit Card,Quarterly,Yes, ₹ 320.44 ," ₹ 5,410.60 ",0,0,1,No,612  min,142.3  min,15,34.9,12  days,2023-12-29,3  days,100  %,52  nos,Sci-Fi,9,5,4,Smart TV,4,0,0,5G,1,2,0,16,8,0,0,N/A
CUST00169,Amazon Prime,33,25-34,Female,Delhi,46,2020-02-25,Tamil,Standard,UPI,Monthly,Yes, ₹ 301.99 ," ₹ 12,102.36 ",0,0,0,No,1082  min,251.6  min,15,32.4,15  days,2023-12-21,11  days,27.1  %,46  nos,Reality,3,5,3,Mobile,3,0,0,WiFi,2,3,3,20,0,0,0,N/A
CUST00170,JioHotstar,39,35-44,Female,Bangalore,38,2020-10-22,Tamil,Standard,UPI,Monthly,Yes, ₹ 295.59 ," ₹ 9,637.88 ",2,0,0,No,0  min,0  min,12,32.7,14  days,2023-12-31,1  days,58.1  %,48  nos,Action,18,5,3,Smart TV,2,0,0,WiFi,1,5,3,36,14,0,0,N/A
CUST00171,JioHotstar,25,25-34,Female,Pune,47,2020-01-30,Malayalam,Standard,UPI,Monthly,Yes, ₹ 293.45 ," ₹ 11,787.17 ",0,0,1,No,1336  min,310.7  min,12,5.7,13  days,2023-12-24,8  days,72.8  %,56  nos,Romance,15,4,3,Mobile,6,2,0,WiFi,0,2,4,37,6,0,0,N/A
CUST00172,SonyLiv,52,45-54,Female,Ahmedabad,38,2020-11-02,Gujarati,Basic,UPI,Annual,No, ₹ 157.62 ," ₹ 5,420.73 ",0,0,0,No,389  min,90.5  min,30,36.9,17  days,2024-01-01,0  days,77.4  %,43  nos,Action,1,6,0,Laptop,3,2,1,WiFi,1,3,4,16,14,47.3,0,N/A
CUST00173,Amazon Prime,18,18-24,Female,Chennai,21,2022-04-02,Hindi,Standard,Credit Card,Annual,Yes, ₹ 285.64 ," ₹ 5,993.00 ",1,0,0,No,587  min,136.5  min,14,55.8,12  days,2023-12-26,6  days,52.1  %,66  nos,Thriller,17,6,2,Mobile,4,1,1,4G,0,2,7,22,11,0,0,N/A
CUST00174,SonyLiv,31,25-34,Female,Pune,12,2022-12-28,Tamil,Premium,UPI,Annual,Yes, ₹ 469.98 ," ₹ 5,244.09 ",1,1,0,No,983  min,228.6  min,15,53,12  days,2023-12-20,12  days,65.6  %,53  nos,Comedy,25,2,2,Mobile,3,1,0,4G,1,4,3,39,6,0,0,N/A
CUST00175,Netflix,47,45-54,Female,Delhi,10,2023-02-28,Kannada,Family,Wallet,Annual,Yes, ₹ 692.77 ," ₹ 6,788.54 ",0,0,0,Yes,806  min,187.4  min,13,39.9,8  days,2023-12-30,2  days,72.7  %,63  nos,Horror,18,3,3,Laptop,1,0,1,4G,2,3,2,27,5,0,0,N/A
CUST00176,Amazon Prime,40,35-44,Female,Kolkata,43,2020-05-26,Kannada,Standard,UPI,Annual,No, ₹ 302.02 ," ₹ 11,823.60 ",0,0,1,No,589  min,137  min,17,26.3,5  days,2023-12-18,14  days,58.6  %,4  nos,Horror,5,7,5,Smart TV,3,2,1,4G,1,3,9,31,16,0,0,N/A
CUST00177,SonyLiv,19,18-24,Female,Delhi,50,2019-10-28,Malayalam,Standard,Net Banking,Annual,No, ₹ 320.44 ," ₹ 14,574.53 ",0,1,0,No,1304  min,303.3  min,17,12.6,12  days,2023-12-26,6  days,82.5  %,38  nos,Thriller,5,6,4,Smart TV,4,0,1,WiFi,0,3,7,25,2,0,0,N/A
CUST00178,JioHotstar,26,25-34,Male,Ahmedabad,54,2019-07-02,Marathi,Premium,Net Banking,Monthly,Yes, ₹ 484.24 ," ₹ 25,508.45 ",0,0,1,Yes,685  min,159.3  min,11,21.4,14  days,2023-12-28,4  days,99.2  %,50  nos,Comedy,11,6,1,Smart TV,4,1,2,WiFi,1,2,6,20,7,0,0,N/A
CUST00179,Netflix,33,25-34,Female,Bangalore,45,2020-04-10,Bengali,Basic,UPI,Monthly,Yes, ₹ 156.24 ," ₹ 6,240.25 ",1,1,0,No,1027  min,238.8  min,14,79.4,8  days,2023-12-27,5  days,52.9  %,33  nos,Comedy,0,4,3,Mobile,3,0,1,4G,1,3,5,30,11,10.1,0,N/A
CUST00180,SonyLiv,31,25-34,Male,Delhi,49,2019-12-22,English,Basic,Credit Card,Monthly,Yes, ₹ 103.61 ," ₹ 4,833.19 ",1,0,0,Yes,816  min,189.8  min,25,31.5,0  days,2023-12-30,2  days,70.2  %,42  nos,Horror,11,6,1,Laptop,3,3,0,3G,0,4,2,33,8,67,0,N/A
CUST00181,Netflix,23,18-24,Male,Pune,7,2023-06-03,English,Basic,Credit Card,Monthly,Yes, ₹ 205.32 ," ₹ 1,397.00 ",0,0,0,No,0  min,0  min,20,47.8,12  days,2023-12-29,3  days,62.9  %,14  nos,Comedy,16,10,3,Mobile,2,1,0,4G,1,2,6,10,6,35.7,0,N/A
CUST00182,Netflix,34,25-34,Male,Chennai,43,2020-05-25,Tamil,Family,Debit Card,Monthly,Yes, ₹ 626.70 ," ₹ 26,530.11 ",0,1,0,Yes,1378  min,320.5  min,17,45.7,15  days,2023-12-31,1  days,92.2  %,46  nos,Drama,21,3,2,Smart TV,4,1,1,WiFi,1,2,7,14,15,0,0,N/A
CUST00183,Amazon Prime,22,18-24,Male,Kolkata,45,2020-04-21,English,Basic,Debit Card,Annual,Yes, ₹ 99.76 ," ₹ 4,449.66 ",0,0,0,Yes,1397  min,324.9  min,27,38.3,1  days,2023-12-31,1  days,61.8  %,44  nos,Romance,7,2,2,Mobile,4,1,0,4G,3,2,2,19,7,1.2,1,Content
CUST00184,JioHotstar,39,35-44,Female,Chennai,34,2021-02-22,Kannada,Basic,Credit Card,Quarterly,Yes, ₹ 144.43 ," ₹ 4,894.19 ",0,0,0,No,1080  min,251.2  min,26,13.6,21  days,2023-12-24,8  days,15  %,46  nos,Horror,35,2,1,Mobile,4,3,0,5G,0,3,8,27,6,44.7,0,N/A
CUST00185,Amazon Prime,37,35-44,Female,Ahmedabad,53,2019-08-08,English,Basic,UPI,Monthly,Yes, ₹ 188.82 ," ₹ 8,597.11 ",1,0,0,No,853  min,198.4  min,22,64.9,2  days,2023-12-19,13  days,88.6  %,48  nos,Sports,5,4,5,Mobile,1,0,0,4G,1,2,8,33,2,0.7,0,N/A
CUST00186,Amazon Prime,19,18-24,Male,Jaipur,37,2020-11-26,Tamil,Basic,Credit Card,Monthly,Yes, ₹ 140.47 ," ₹ 5,047.75 ",0,0,1,No,1181  min,274.7  min,13,50.1,14  days,2023-12-30,2  days,56.1  %,81  nos,Documentary,6,6,4,Smart TV,1,0,0,4G,0,5,6,10,10,39.7,0,N/A
CUST00187,JioHotstar,42,35-44,Male,Pune,50,2019-10-30,Telugu,Basic,UPI,Monthly,Yes, ₹ 173.25 ," ₹ 8,154.23 ",0,0,0,No,1696  min,394.4  min,21,76.8,10  days,2023-12-29,3  days,75  %,55  nos,Comedy,24,5,2,Mobile,3,0,0,4G,0,2,8,22,2,39.5,0,N/A
CUST00188,Netflix,33,25-34,Female,Jaipur,36,2021-01-07,Bengali,Basic,UPI,Annual,Yes, ₹ 188.13 ," ₹ 6,657.29 ",1,0,2,No,245  min,57  min,25,42.8,11  days,2023-12-28,4  days,25.7  %,28  nos,Action,0,4,1,Mobile,1,3,1,WiFi,1,3,9,31,0,35.1,0,N/A
CUST00189,Netflix,40,35-44,Non-Binary,Delhi,34,2021-02-19,Malayalam,Standard,UPI,Annual,Yes, ₹ 272.13 ," ₹ 8,082.88 ",1,0,1,No,929  min,216  min,26,97.8,18  days,2023-12-26,6  days,100  %,52  nos,Reality,5,5,5,Laptop,4,1,0,WiFi,0,3,9,28,14,0,0,N/A
CUST00190,Netflix,33,25-34,Female,Mumbai,17,2022-07-20,Hindi,Standard,Credit Card,Monthly,No, ₹ 297.10 ," ₹ 4,942.73 ",0,0,0,No,766  min,178.1  min,16,60.4,14  days,2023-12-19,13  days,71.1  %,36  nos,Documentary,6,4,2,Mobile,3,1,1,WiFi,1,3,4,37,1,0,0,N/A
CUST00191,Amazon Prime,36,35-44,Female,Lucknow,26,2021-10-30,English,Standard,UPI,Monthly,No, ₹ 281.54 ," ₹ 7,299.63 ",0,0,0,No,561  min,130.5  min,25,54.2,5  days,2024-01-01,0  days,95.6  %,24  nos,Drama,26,4,3,Tablet,0,0,2,5G,1,4,5,33,10,0,0,N/A
CUST00192,Amazon Prime,29,25-34,Male,Ahmedabad,1,2023-11-16,Marathi,Basic,Debit Card,Monthly,Yes, ₹ 150.27 , ₹ 138.19 ,0,0,0,No,751  min,174.7  min,28,62.3,10  days,2023-12-31,1  days,52.7  %,54  nos,Sci-Fi,19,1,1,Desktop,1,0,0,4G,0,1,8,9,0,27.7,0,N/A
CUST00193,JioHotstar,49,45-54,Female,Bangalore,1,2023-11-19,Kannada,Basic,Debit Card,Quarterly,Yes, ₹ 163.22 , ₹ 138.97 ,0,0,0,No,131  min,30.5  min,20,39.7,12  days,2023-12-28,4  days,40.8  %,21  nos,Documentary,30,5,3,Laptop,0,0,1,4G,0,1,5,7,5,29,1,Technical Issues
CUST00194,Netflix,28,25-34,Male,Mumbai,10,2023-02-14,Bengali,Basic,UPI,Annual,Yes, ₹ 137.95 ," ₹ 1,317.60 ",0,0,1,No,461  min,107.2  min,36,82.3,5  days,2023-12-27,5  days,96.6  %,83  nos,Drama,0,4,2,Smart TV,6,0,1,4G,0,4,4,28,6,31.3,0,N/A
CUST00195,Amazon Prime,18,18-24,Female,Mumbai,30,2021-06-25,Tamil,Basic,UPI,Monthly,No, ₹ 144.56 ," ₹ 4,142.12 ",0,0,0,No,1287  min,299.3  min,24,22.6,26  days,2023-12-26,6  days,43.7  %,27  nos,Horror,19,5,4,Smart TV,3,0,1,WiFi,1,2,6,25,12,54.3,0,N/A
CUST00196,Netflix,36,35-44,Female,Delhi,11,2023-01-18,English,Basic,Credit Card,Monthly,Yes, ₹ 141.75 ," ₹ 1,550.98 ",0,0,0,Yes,1196  min,278.1  min,17,35.9,6  days,2023-12-21,11  days,73.4  %,15  nos,Romance,15,7,7,Smart TV,2,0,0,5G,1,3,4,17,9,37.5,0,N/A
CUST00197,SonyLiv,39,35-44,Male,Lucknow,3,2023-09-11,Telugu,Premium,Credit Card,Monthly,Yes, ₹ 525.03 ," ₹ 1,422.88 ",0,0,0,No,623  min,144.9  min,16,69.2,5  days,2023-12-27,5  days,77.2  %,36  nos,Romance,30,8,4,Mobile,2,1,0,3G,1,3,10,28,5,0,0,N/A
CUST00198,Amazon Prime,41,35-44,Male,Jaipur,18,2022-07-09,English,Standard,UPI,Monthly,Yes, ₹ 311.48 ," ₹ 5,463.98 ",0,0,0,No,2011  min,467.7  min,9,17.9,19  days,2023-12-18,14  days,64.7  %,33  nos,Comedy,9,7,3,Mobile,1,0,1,WiFi,2,1,10,8,8,0,0,N/A
CUST00199,ZEE5,36,35-44,Male,Lucknow,18,2022-06-20,English,Basic,UPI,Annual,Yes, ₹ 143.87 ," ₹ 2,251.24 ",0,2,0,No,365  min,84.9  min,21,70.4,13  days,2023-12-26,6  days,36.6  %,39  nos,Horror,30,6,2,Mobile,2,0,0,5G,0,4,4,29,8,64.6,1,Infrequent Usage
CUST00200,Amazon Prime,21,18-24,Female,Ahmedabad,3,2023-10-03,Kannada,Premium,UPI,Monthly,Yes, ₹ 495.95 ," ₹ 1,327.13 ",1,0,0,No,643  min,149.5  min,25,72.1,17  days,2024-01-01,0  days,62.2  %,49  nos,Action,12,4,4,Smart TV,3,1,0,4G,0,3,5,8,6,0,0,N/A
CUST00201,Amazon Prime,37,35-44,Female,Ahmedabad,5,2023-07-31,English,Basic,UPI,Monthly,No, ₹ 159.56 , ₹ 741.05 ,0,0,0,No,510  min,118.6  min,11,36.2,9  days,2023-12-19,13  days,19.9  %,46  nos,Sports,12,4,2,Laptop,3,1,0,3G,0,4,3,19,10,21.7,0,N/A
CUST00202,Amazon Prime,32,25-34,Female,Ahmedabad,24,2021-12-28,Gujarati,Standard,UPI,Monthly,Yes, ₹ 292.71 ," ₹ 6,002.16 ",0,0,0,No,445  min,103.5  min,9,57.3,16  days,2023-12-31,1  days,78.9  %,0  nos,Romance,6,6,4,Mobile,2,1,1,3G,2,3,8,21,14,0,0,N/A
CUST00203,SonyLiv,36,35-44,Non-Binary,Bangalore,7,2023-05-11,Telugu,Premium,UPI,Annual,No, ₹ 474.54 ," ₹ 2,851.37 ",1,0,0,No,1469  min,341.6  min,19,30.9,25  days,2023-12-29,3  days,67.9  %,2  nos,Thriller,0,4,3,Smart TV,1,2,0,3G,2,3,6,30,10,0,0,N/A
CUST00204,ZEE5,40,35-44,Non-Binary,Bangalore,13,2022-12-07,Telugu,Standard,UPI,Quarterly,No, ₹ 278.71 ," ₹ 3,095.08 ",0,0,0,No,693  min,161.2  min,9,50.6,0  days,2023-12-29,3  days,33.9  %,71  nos,Reality,22,5,1,Smart TV,4,3,1,4G,2,3,7,31,1,0,0,N/A
CUST00205,ZEE5,34,25-34,Female,Ahmedabad,38,2020-11-17,Bengali,Basic,UPI,Monthly,Yes, ₹ 159.07 ," ₹ 5,156.03 ",2,0,0,No,886  min,206  min,19,68.1,9  days,2023-12-31,1  days,44.8  %,26  nos,Horror,15,3,5,Tablet,1,1,1,WiFi,0,3,4,3,16,9.2,0,N/A
CUST00206,JioHotstar,32,25-34,Female,Hyderabad,5,2023-08-03,Hindi,Basic,Net Banking,Monthly,Yes, ₹ 167.25 , ₹ 776.83 ,0,0,1,No,1068  min,248.4  min,11,48.8,8  days,2023-12-17,15  days,69.1  %,58  nos,Drama,21,10,0,Mobile,2,2,0,5G,0,4,7,27,2,18.5,0,N/A
CUST00207,Netflix,24,18-24,Male,Bangalore,11,2023-01-14,Kannada,Premium,Wallet,Quarterly,Yes, ₹ 484.88 ," ₹ 5,308.67 ",1,0,0,No,759  min,176.5  min,12,47.7,11  days,2024-01-01,0  days,33.1  %,18  nos,Reality,32,4,3,Laptop,3,2,1,WiFi,1,4,4,35,0,0,0,N/A
CUST00208,Netflix,24,18-24,Male,Kolkata,9,2023-03-17,Tamil,Premium,UPI,Annual,Yes, ₹ 480.52 ," ₹ 4,320.97 ",0,0,1,No,996  min,231.6  min,12,52.4,14  days,2024-01-01,0  days,67.9  %,38  nos,Action,16,4,3,Mobile,4,0,0,WiFi,0,3,7,16,6,0,0,N/A
CUST00209,JioHotstar,36,35-44,Female,Delhi,34,2021-02-19,Tamil,Standard,UPI,Monthly,Yes, ₹ 309.41 ," ₹ 9,945.85 ",1,0,0,No,468  min,108.8  min,27,42.1,0  days,2024-01-01,0  days,37  %,64  nos,Horror,0,3,2,Smart TV,4,2,0,WiFi,2,3,0,19,13,0,0,N/A
CUST00210,Netflix,23,18-24,Male,Delhi,50,2019-11-18,Hindi,Basic,Credit Card,Monthly,Yes, ₹ 144.53 ," ₹ 6,591.31 ",1,0,0,No,1572  min,365.6  min,10,47.9,9  days,2023-12-25,7  days,57.4  %,47  nos,Horror,17,8,3,Smart TV,2,0,0,WiFi,2,4,1,0,9,44.8,0,N/A
CUST00211,SonyLiv,52,45-54,Female,Chennai,12,2023-01-03,Malayalam,Basic,UPI,Monthly,Yes, ₹ 152.16 ," ₹ 1,812.68 ",1,0,2,Yes,50  min,11.6  min,21,87.7,15  days,2023-12-30,2  days,79.4  %,48  nos,Comedy,13,8,3,Tablet,0,0,1,WiFi,1,2,6,21,11,26.6,1,Infrequent Usage
CUST00212,ZEE5,41,35-44,Male,Lucknow,33,2021-03-19,Hindi,Standard,Debit Card,Quarterly,Yes, ₹ 276.36 ," ₹ 7,825.16 ",1,0,0,No,1256  min,292.1  min,13,41,23  days,2023-12-28,4  days,88.4  %,47  nos,Thriller,0,4,2,Smart TV,3,1,0,4G,0,3,5,37,5,0,0,N/A
CUST00213,JioHotstar,31,25-34,Female,Kolkata,17,2022-08-03,English,Basic,Debit Card,Annual,Yes, ₹ 208.58 ," ₹ 3,205.90 ",0,0,0,No,855  min,198.8  min,23,33.1,3  days,2024-01-01,0  days,64.8  %,22  nos,Romance,10,3,3,Laptop,2,0,0,4G,0,2,8,25,6,43.9,0,N/A
CUST00214,Netflix,33,25-34,Male,Kolkata,6,2023-06-18,Malayalam,Premium,Credit Card,Monthly,Yes, ₹ 483.14 ," ₹ 2,751.45 ",0,2,0,Yes,1884  min,438.1  min,18,10.5,14  days,2024-01-01,0  days,98.9  %,57  nos,Sports,21,9,4,Mobile,2,0,0,WiFi,1,1,3,24,9,0,0,N/A
CUST00215,Netflix,48,45-54,Male,Ahmedabad,32,2021-04-24,Bengali,Basic,UPI,Monthly,No, ₹ 179.90 ," ₹ 5,469.65 ",0,0,0,Yes,1304  min,303.3  min,46,20.1,17  days,2023-12-31,1  days,56.8  %,50  nos,Horror,4,2,4,Laptop,2,0,0,WiFi,1,2,4,38,13,9.3,0,N/A
CUST00216,Netflix,21,18-24,Male,Pune,56,2019-05-01,Gujarati,Standard,Debit Card,Annual,Yes, ₹ 350.21 ," ₹ 19,263.61 ",0,0,0,No,1185  min,275.6  min,20,35.1,25  days,2023-12-30,2  days,65.4  %,17  nos,Drama,14,8,1,Mobile,5,0,0,5G,0,2,5,33,1,0,1,Technical Issues
CUST00217,Amazon Prime,43,35-44,Female,Lucknow,11,2023-02-04,English,Family,Credit Card,Annual,Yes, ₹ 619.70 ," ₹ 6,010.85 ",0,0,1,Yes,632  min,147  min,39,46.9,21  days,2023-12-31,1  days,69.6  %,44  nos,Action,16,4,0,Smart TV,2,0,0,3G,1,4,6,28,13,0,0,N/A
CUST00218,ZEE5,47,45-54,Female,Lucknow,18,2022-06-22,Marathi,Family,UPI,Monthly,Yes, ₹ 609.97 ," ₹ 9,986.95 ",1,1,1,No,789  min,183.5  min,12,19.9,10  days,2023-12-28,4  days,55  %,38  nos,Romance,24,5,3,Smart TV,1,1,1,5G,3,2,9,41,12,0,1,Found Alternative
CUST00219,JioHotstar,52,45-54,Female,Delhi,29,2021-08-06,Tamil,Basic,Debit Card,Annual,No, ₹ 157.76 ," ₹ 4,523.52 ",0,0,0,No,1030  min,239.5  min,28,46.1,28  days,2023-12-29,3  days,32.5  %,42  nos,Drama,10,5,3,Laptop,3,1,0,5G,1,4,4,30,0,51,0,N/A
CUST00220,SonyLiv,26,25-34,Male,Ahmedabad,40,2020-09-17,Malayalam,Basic,UPI,Monthly,Yes, ₹ 149.24 ," ₹ 5,695.29 ",0,0,0,Yes,862  min,200.5  min,20,66.1,10  days,2023-12-29,3  days,78.5  %,34  nos,Horror,14,5,2,Laptop,1,1,1,WiFi,0,4,9,34,18,46.2,0,N/A
CUST00221,Netflix,30,25-34,Male,Hyderabad,56,2019-05-03,Bengali,Standard,UPI,Annual,Yes, ₹ 305.86 ," ₹ 17,057.50 ",0,0,0,Yes,1397  min,324.9  min,3,40.7,5  days,2023-12-13,19  days,66.1  %,41  nos,Romance,23,6,3,Desktop,1,0,0,WiFi,1,2,8,24,13,0,0,N/A
CUST00222,Netflix,33,25-34,Male,Delhi,13,2022-11-13,Malayalam,Basic,UPI,Annual,No, ₹ 110.37 ," ₹ 1,406.23 ",0,0,0,No,1425  min,331.4  min,10,66.2,10  days,2023-12-29,3  days,53.6  %,46  nos,Sports,19,4,1,Laptop,6,0,0,WiFi,2,4,4,17,5,62.1,0,N/A
CUST00223,Amazon Prime,18,18-24,Female,Jaipur,39,2020-09-24,Hindi,Basic,UPI,Monthly,Yes, ₹ 156.91 ," ₹ 5,231.92 ",0,0,0,Yes,712  min,165.6  min,30,5,16  days,2023-12-26,6  days,78.7  %,54  nos,Horror,6,5,4,Laptop,1,1,1,WiFi,0,4,5,32,14,42.2,0,N/A
CUST00224,Amazon Prime,43,35-44,Female,Delhi,47,2020-02-06,Hindi,Basic,Credit Card,Monthly,No, ₹ 129.70 ," ₹ 5,615.47 ",0,0,0,No,673  min,156.5  min,23,49,14  days,2023-12-29,3  days,23.7  %,82  nos,Horror,12,14,4,Mobile,4,0,1,5G,1,1,3,4,13,0,0,N/A
CUST00225,JioHotstar,29,25-34,Male,Pune,4,2023-08-23,Tamil,Premium,Net Banking,Monthly,Yes, ₹ 561.35 ," ₹ 1,984.41 ",0,0,0,Yes,1555  min,361.6  min,26,61.2,12  days,2023-12-27,5  days,52.4  %,65  nos,Documentary,12,4,1,Smart TV,1,2,0,5G,0,3,6,16,13,0,0,N/A
CUST00226,JioHotstar,41,35-44,Male,Bangalore,45,2020-04-16,Tamil,Standard,UPI,Monthly,No, ₹ 313.38 ," ₹ 12,632.93 ",1,0,0,No,1627  min,378.4  min,33,45.2,16  days,2023-12-21,11  days,92.2  %,33  nos,Romance,14,5,5,Smart TV,4,2,0,WiFi,0,3,3,11,14,0,0,N/A
CUST00227,Netflix,42,35-44,Male,Jaipur,57,2019-04-19,Kannada,Standard,UPI,Annual,No, ₹ 320.45 ," ₹ 17,825.57 ",1,1,0,No,649  min,150.9  min,10,47.4,11  days,2023-12-31,1  days,85.6  %,25  nos,Reality,3,4,3,Smart TV,2,0,0,WiFi,1,2,9,15,1,0,1,Price
CUST00228,ZEE5,22,18-24,Female,Kolkata,18,2022-06-16,Bengali,Basic,Debit Card,Monthly,Yes, ₹ 140.56 ," ₹ 2,475.93 ",0,0,2,No,914  min,212.6  min,21,59.2,22  days,2023-12-30,2  days,73.2  %,41  nos,Documentary,0,9,4,Laptop,2,0,0,4G,0,2,9,14,8,24.9,0,N/A
CUST00229,JioHotstar,43,35-44,Non-Binary,Kolkata,29,2021-07-28,Kannada,Standard,UPI,Annual,Yes, ₹ 325.22 ," ₹ 8,285.35 ",0,1,0,No,1245  min,289.5  min,11,58.3,21  days,2023-12-27,5  days,53.9  %,33  nos,Thriller,30,6,4,Laptop,5,0,1,4G,0,3,7,27,6,0,0,N/A
CUST00230,ZEE5,34,25-34,Male,Kolkata,58,2019-03-07,Tamil,Premium,UPI,Monthly,Yes, ₹ 538.35 ," ₹ 27,139.90 ",1,0,0,No,2210  min,514  min,22,56.4,18  days,2023-12-28,4  days,52.4  %,51  nos,Sports,13,4,3,Laptop,7,1,0,WiFi,0,3,3,0,10,0,0,N/A
CUST00231,Amazon Prime,18,18-24,Male,Hyderabad,16,2022-09-01,Bengali,Standard,UPI,Monthly,Yes, ₹ 281.70 ," ₹ 4,144.66 ",0,0,0,Yes,693  min,161.2  min,18,16.5,17  days,2023-12-25,7  days,46.5  %,38  nos,Action,5,3,6,Tablet,5,1,0,4G,0,2,7,17,1,0,0,N/A
CUST00232,Netflix,25,25-34,Female,Jaipur,9,2023-04-01,Kannada,Standard,Credit Card,Annual,Yes, ₹ 298.36 ," ₹ 2,682.16 ",2,0,0,No,496  min,115.3  min,20,51.8,11  days,2023-12-31,1  days,84  %,33  nos,Reality,2,3,7,Tablet,6,0,0,3G,0,4,9,30,9,0,0,N/A
CUST00233,SonyLiv,40,35-44,Male,Delhi,34,2021-03-09,Marathi,Standard,UPI,Quarterly,Yes, ₹ 293.71 ," ₹ 8,897.94 ",0,0,0,No,590  min,137.2  min,21,23.5,11  days,2023-12-30,2  days,0.7  %,74  nos,Comedy,16,5,1,Smart TV,2,2,0,WiFi,1,2,3,32,8,0,0,N/A
CUST00234,SonyLiv,26,25-34,Male,Pune,44,2020-05-14,Kannada,Standard,Wallet,Monthly,Yes, ₹ 303.40 ," ₹ 11,746.48 ",0,1,2,No,825  min,191.9  min,22,39.6,21  days,2023-12-30,2  days,90.2  %,52  nos,Action,15,4,1,Tablet,0,2,2,4G,2,3,10,25,13,0,0,N/A
CUST00235,Netflix,35,35-44,Male,Chennai,16,2022-08-26,Marathi,Standard,UPI,Monthly,Yes, ₹ 303.17 ," ₹ 4,170.62 ",0,0,0,Yes,713  min,165.8  min,24,50.3,23  days,2023-12-30,2  days,64.7  %,37  nos,Romance,9,4,2,Smart TV,3,1,1,4G,0,2,9,16,1,0,0,N/A
CUST00236,Amazon Prime,18,18-24,Female,Bangalore,24,2021-12-31,Malayalam,Standard,UPI,Annual,No, ₹ 298.38 ," ₹ 6,520.26 ",0,0,0,Yes,655  min,152.3  min,22,47.5,11  days,2023-12-25,7  days,64.4  %,67  nos,Comedy,21,8,2,Mobile,3,2,0,WiFi,0,2,4,28,1,0,0,N/A
CUST00237,Netflix,41,35-44,Female,Mumbai,26,2021-10-25,Bengali,Premium,Debit Card,Quarterly,Yes, ₹ 498.12 ," ₹ 11,218.48 ",0,0,0,No,763  min,177.4  min,11,37.2,24  days,2023-12-25,7  days,43.4  %,88  nos,Action,23,3,4,Laptop,4,0,0,WiFi,1,4,3,22,15,0,0,N/A
CUST00238,JioHotstar,23,18-24,Male,Bangalore,15,2022-10-08,Hindi,Standard,Debit Card,Quarterly,Yes, ₹ 329.89 ," ₹ 4,655.63 ",0,0,0,Yes,72  min,16.7  min,18,36.1,14  days,2023-12-31,1  days,69.4  %,65  nos,Drama,0,7,4,Smart TV,4,0,0,4G,1,3,2,27,5,0,0,N/A
CUST00239,SonyLiv,38,35-44,Male,Lucknow,14,2022-10-19,Bengali,Premium,Wallet,Monthly,Yes, ₹ 496.82 ," ₹ 6,079.48 ",0,0,0,No,281  min,65.3  min,22,28.9,12  days,2023-12-26,6  days,95.8  %,27  nos,Thriller,19,4,2,Laptop,4,0,1,4G,0,3,8,35,2,0,0,N/A
CUST00240,Netflix,25,25-34,Male,Delhi,58,2019-03-28,Malayalam,Basic,UPI,Monthly,No, ₹ 168.89 ," ₹ 8,475.11 ",0,1,0,No,1530  min,355.8  min,17,30.5,7  days,2023-12-31,1  days,80.1  %,42  nos,Thriller,20,5,5,Smart TV,5,1,0,3G,1,2,6,4,21,45.4,1,Price
CUST00241,SonyLiv,34,25-34,Female,Kolkata,25,2021-11-25,Marathi,Standard,UPI,Annual,No, ₹ 311.30 ," ₹ 6,626.42 ",0,1,0,Yes,1054  min,245.1  min,11,73.4,16  days,2023-12-26,6  days,45  %,41  nos,Comedy,9,9,3,Mobile,5,1,0,5G,1,4,8,32,13,0,0,N/A
CUST00242,Netflix,21,18-24,Female,Hyderabad,56,2019-05-08,Marathi,Basic,Credit Card,Annual,Yes, ₹ 144.44 ," ₹ 7,343.33 ",1,0,0,No,523  min,121.6  min,19,46.2,14  days,2023-12-23,9  days,52.2  %,23  nos,Documentary,14,7,0,Smart TV,3,0,0,4G,0,3,2,42,3,0,0,N/A
CUST00243,JioHotstar,46,45-54,Male,Bangalore,8,2023-05-04,Kannada,Family,Credit Card,Quarterly,Yes, ₹ 609.54 ," ₹ 4,592.02 ",1,0,2,No,1285  min,298.8  min,26,25.3,20  days,2024-01-01,0  days,83.6  %,59  nos,Reality,26,2,2,Mobile,3,0,0,4G,0,2,10,4,5,0,0,N/A
CUST00244,ZEE5,34,25-34,Male,Ahmedabad,8,2023-04-15,Kannada,Standard,UPI,Quarterly,Yes, ₹ 318.72 ," ₹ 2,499.40 ",1,0,0,No,812  min,188.8  min,15,43.6,7  days,2023-12-27,5  days,72.2  %,50  nos,Reality,4,6,1,Laptop,4,1,0,WiFi,1,2,10,31,9,0,0,N/A
CUST00245,SonyLiv,27,25-34,Female,Lucknow,7,2023-05-21,Kannada,Premium,UPI,Monthly,Yes, ₹ 497.22 ," ₹ 3,159.40 ",0,0,2,No,624  min,145.1  min,27,11.9,18  days,2023-12-22,10  days,59.6  %,2  nos,Sports,21,3,3,Tablet,5,0,0,4G,1,4,7,30,9,0,1,Infrequent Usage
CUST00246,Amazon Prime,35,35-44,Male,Ahmedabad,60,2019-01-17,Tamil,Basic,Credit Card,Monthly,No, ₹ 152.27 ," ₹ 7,834.77 ",0,0,0,Yes,790  min,183.7  min,14,31.2,17  days,2023-12-20,12  days,71  %,55  nos,Documentary,17,4,2,Smart TV,4,3,1,WiFi,1,4,9,21,0,40.8,0,N/A
CUST00247,SonyLiv,18,18-24,Male,Ahmedabad,31,2021-05-31,Marathi,Basic,Credit Card,Quarterly,Yes, ₹ 157.90 ," ₹ 4,463.42 ",0,0,1,No,1290  min,300  min,18,16.7,20  days,2023-12-12,20  days,47.8  %,26  nos,Action,8,5,4,Laptop,1,1,1,4G,1,3,4,18,8,41.4,0,N/A
CUST00248,JioHotstar,22,18-24,Female,Jaipur,15,2022-10-05,Malayalam,Family,Credit Card,Monthly,Yes, ₹ 663.46 ," ₹ 9,137.53 ",0,0,0,No,690  min,160.5  min,12,26.7,13  days,2024-01-01,0  days,69.8  %,23  nos,Reality,17,1,2,Smart TV,6,1,0,4G,0,3,6,14,16,0,0,N/A
CUST00249,Amazon Prime,52,45-54,Male,Chennai,1,2023-11-28,Marathi,Standard,Debit Card,Annual,Yes, ₹ 298.34 , ₹ 270.32 ,1,0,1,Yes,698  min,162.3  min,27,46.2,20  days,2023-12-31,1  days,60  %,37  nos,Comedy,14,7,3,Smart TV,3,1,0,5G,0,3,9,41,11,0,0,N/A
CUST00250,Amazon Prime,28,25-34,Male,Chennai,13,2022-11-13,English,Family,Credit Card,Monthly,No, ₹ 688.71 ," ₹ 8,572.88 ",0,0,0,Yes,1379  min,320.7  min,17,43.8,14  days,2024-01-01,0  days,36.2  %,58  nos,Documentary,24,3,2,Mobile,2,0,2,4G,0,4,8,26,10,0,0,N/A
CUST00251,Netflix,44,35-44,Female,Ahmedabad,45,2020-03-24,Gujarati,Basic,Credit Card,Monthly,Yes, ₹ 157.70 ," ₹ 7,027.64 ",0,0,2,No,131  min,30.5  min,18,37.8,20  days,2023-12-31,1  days,78.5  %,41  nos,Sci-Fi,0,8,3,Tablet,2,2,1,4G,0,4,5,25,7,56.6,0,N/A
CUST00252,JioHotstar,32,25-34,Male,Bangalore,8,2023-05-04,Kannada,Premium,Debit Card,Monthly,No, ₹ 503.98 ," ₹ 3,680.26 ",1,2,0,No,671  min,156  min,5,27.6,0  days,2023-12-30,2  days,46.8  %,39  nos,Thriller,23,8,1,Mobile,2,1,0,3G,1,3,5,22,8,0,0,N/A
CUST00253,Amazon Prime,36,35-44,Male,Pune,42,2020-07-17,Gujarati,Basic,Net Banking,Annual,Yes, ₹ 154.14 ," ₹ 6,411.26 ",0,1,1,No,1012  min,235.3  min,32,14.4,13  days,2023-12-26,6  days,69.6  %,13  nos,Thriller,10,5,3,Mobile,3,1,2,4G,2,2,10,19,4,41.4,0,N/A
CUST00254,ZEE5,29,25-34,Male,Bangalore,35,2021-02-04,Gujarati,Premium,Credit Card,Monthly,Yes, ₹ 524.51 ," ₹ 16,926.96 ",0,1,0,No,1250  min,290.7  min,20,68.2,10  days,2023-12-30,2  days,97  %,70  nos,Documentary,22,7,5,Laptop,5,1,0,5G,1,3,6,51,1,0,0,N/A
CUST00255,SonyLiv,31,25-34,Male,Mumbai,36,2020-12-27,English,Basic,UPI,Quarterly,Yes, ₹ 133.74 ," ₹ 4,634.22 ",0,1,0,Yes,702  min,163.3  min,31,73.5,16  days,2023-12-25,7  days,55.5  %,24  nos,Romance,5,6,5,Laptop,3,0,1,WiFi,1,3,1,0,5,56.1,1,Financial Constraint
CUST00256,Netflix,39,35-44,Female,Hyderabad,56,2019-05-10,Malayalam,Basic,UPI,Annual,No, ₹ 167.28 ," ₹ 9,005.73 ",0,0,0,No,505  min,117.4  min,4,39.6,12  days,2023-12-29,3  days,64.2  %,107  nos,Thriller,21,6,4,Smart TV,3,1,0,4G,2,2,8,18,6,12.5,0,N/A
CUST00257,JioHotstar,35,35-44,Male,Pune,27,2021-09-30,Kannada,Family,Wallet,Monthly,Yes, ₹ 698.20 ," ₹ 16,060.35 ",0,0,0,No,1212  min,281.9  min,26,32.4,3  days,2023-12-29,3  days,20.8  %,19  nos,Reality,24,4,5,Tablet,5,0,1,5G,3,2,10,17,6,0,0,N/A
CUST00258,Netflix,22,18-24,Female,Hyderabad,52,2019-09-08,Gujarati,Premium,UPI,Annual,Yes, ₹ 552.97 ," ₹ 26,377.09 ",0,0,1,No,824  min,191.6  min,24,28.5,10  days,2023-12-30,2  days,93.9  %,2  nos,Drama,30,5,2,Mobile,0,2,1,WiFi,2,3,7,21,6,0,0,N/A
CUST00259,Amazon Prime,44,35-44,Male,Jaipur,19,2022-06-09,Tamil,Basic,UPI,Monthly,Yes, ₹ 148.71 ," ₹ 2,799.00 ",0,0,0,Yes,1004  min,233.5  min,14,51.3,18  days,2023-12-30,2  days,90.7  %,52  nos,Horror,10,5,4,Smart TV,6,0,0,4G,2,3,5,8,3,51.2,0,N/A
CUST00260,SonyLiv,34,25-34,Male,Lucknow,38,2020-11-01,Marathi,Basic,Net Banking,Monthly,No, ₹ 151.04 ," ₹ 5,326.80 ",1,0,0,No,1022  min,237.7  min,31,52.4,9  days,2023-12-30,2  days,39.9  %,38  nos,Comedy,20,8,10,Smart TV,4,2,0,4G,0,4,3,17,4,44,0,N/A
CUST00261,Netflix,35,35-44,Male,Hyderabad,23,2022-01-23,Marathi,Basic,Wallet,Quarterly,Yes, ₹ 124.97 ," ₹ 2,685.18 ",0,0,1,No,1075  min,250  min,14,78.2,11  days,2024-01-01,0  days,28.3  %,27  nos,Action,22,5,4,Mobile,3,2,1,WiFi,1,2,4,11,11,55.1,0,N/A
CUST00262,JioHotstar,32,25-34,Female,Chennai,3,2023-09-12,Marathi,Standard,UPI,Monthly,Yes, ₹ 281.71 , ₹ 810.14 ,0,0,0,Yes,1535  min,357  min,6,72.6,17  days,2023-12-28,4  days,77  %,15  nos,Sports,9,4,3,Laptop,4,1,0,WiFi,1,2,7,15,14,0,0,N/A
CUST00263,Amazon Prime,30,25-34,Male,Chennai,22,2022-02-14,Gujarati,Basic,UPI,Annual,No, ₹ 149.93 ," ₹ 3,067.50 ",0,0,0,No,1114  min,259.1  min,27,9.4,21  days,2023-12-29,3  days,51.2  %,88  nos,Thriller,9,2,3,Laptop,5,0,0,4G,1,5,4,38,6,39,0,N/A
CUST00264,Amazon Prime,27,25-34,Male,Jaipur,57,2019-04-10,Kannada,Standard,UPI,Annual,Yes, ₹ 278.68 ," ₹ 14,596.25 ",0,0,1,No,1304  min,303.3  min,14,27.4,3  days,2023-12-25,7  days,99.3  %,62  nos,Drama,10,8,3,Mobile,0,3,0,WiFi,0,3,6,4,8,0,0,N/A
CUST00265,Netflix,36,35-44,Female,Kolkata,28,2021-08-20,Kannada,Standard,Credit Card,Monthly,Yes, ₹ 305.10 ," ₹ 7,412.98 ",0,1,1,Yes,1215  min,282.6  min,25,49.2,0  days,2023-12-28,4  days,65.4  %,26  nos,Reality,23,7,1,Mobile,1,2,0,4G,1,3,5,19,0,0,1,Financial Constraint
CUST00266,Amazon Prime,22,18-24,Female,Kolkata,54,2019-07-05,Bengali,Standard,UPI,Annual,Yes, ₹ 301.03 ," ₹ 15,821.89 ",1,0,0,Yes,1036  min,240.9  min,38,38.7,14  days,2023-12-31,1  days,56.3  %,60  nos,Comedy,4,2,4,Smart TV,3,1,0,WiFi,1,3,10,23,12,0,0,N/A
CUST00267,SonyLiv,22,18-24,Female,Bangalore,21,2022-04-01,Marathi,Family,UPI,Annual,Yes, ₹ 615.26 ," ₹ 11,063.35 ",0,1,1,No,1265  min,294.2  min,26,49.2,11  days,2023-12-31,1  days,84.2  %,32  nos,Documentary,29,3,0,Smart TV,3,0,1,5G,1,2,7,21,13,0,1,Found Alternative
CUST00268,ZEE5,37,35-44,Male,Pune,45,2020-04-19,Gujarati,Basic,UPI,Quarterly,Yes, ₹ 184.83 ," ₹ 7,212.75 ",1,0,0,No,1217  min,283  min,15,39.8,12  days,2023-12-28,4  days,43.2  %,51  nos,Reality,20,9,3,Tablet,0,0,1,5G,1,3,5,39,6,53,0,N/A
CUST00269,ZEE5,34,25-34,Male,Jaipur,5,2023-07-06,Bengali,Premium,UPI,Monthly,Yes, ₹ 507.91 ," ₹ 2,521.09 ",0,0,0,No,1005  min,233.7  min,9,38.4,13  days,2023-12-18,14  days,82.4  %,46  nos,Thriller,3,11,4,Mobile,2,0,0,4G,0,4,8,32,8,0,0,N/A
CUST00270,Amazon Prime,37,35-44,Male,Lucknow,46,2020-03-22,Bengali,Premium,UPI,Quarterly,No, ₹ 503.92 ," ₹ 23,036.58 ",1,0,1,Yes,843  min,196  min,29,27.5,13  days,2023-12-30,2  days,55.9  %,47  nos,Horror,6,8,2,Mobile,1,0,0,WiFi,1,3,7,24,7,0,0,N/A
CUST00271,Amazon Prime,18,18-24,Female,Bangalore,47,2020-02-10,Marathi,Premium,Credit Card,Monthly,Yes, ₹ 515.45 ," ₹ 22,596.96 ",0,0,2,Yes,1491  min,346.7  min,6,30,24  days,2023-12-21,11  days,30.2  %,82  nos,Reality,19,3,5,Mobile,4,2,1,WiFi,0,3,5,19,13,0,0,N/A
CUST00272,ZEE5,33,25-34,Male,Delhi,50,2019-11-04,English,Premium,UPI,Quarterly,No, ₹ 500.05 ," ₹ 23,423.22 ",1,1,0,No,1211  min,281.6  min,24,55.3,6  days,2023-12-23,9  days,21.7  %,25  nos,Thriller,24,4,7,Tablet,5,1,0,4G,1,4,8,15,2,0,0,N/A
CUST00273,ZEE5,36,35-44,Male,Bangalore,25,2021-11-13,Kannada,Basic,Net Banking,Annual,Yes, ₹ 161.70 ," ₹ 3,717.91 ",0,0,0,No,871  min,202.6  min,6,48.8,14  days,2023-12-27,5  days,66.7  %,53  nos,Documentary,18,5,3,Mobile,3,0,1,WiFi,0,3,4,36,11,34.6,0,N/A
CUST00274,ZEE5,26,25-34,Non-Binary,Bangalore,52,2019-09-04,Gujarati,Basic,UPI,Quarterly,Yes, ₹ 122.01 ," ₹ 6,222.89 ",0,1,2,Yes,871  min,202.6  min,15,53.7,8  days,2023-12-27,5  days,56.6  %,8  nos,Sci-Fi,7,5,4,Tablet,3,0,0,WiFi,2,5,3,15,7,36.8,0,N/A
CUST00275,Netflix,19,18-24,Male,Chennai,3,2023-09-06,Telugu,Standard,UPI,Monthly,No, ₹ 292.87 , ₹ 863.00 ,1,0,0,Yes,970  min,225.6  min,27,56,16  days,2023-12-21,11  days,71.8  %,37  nos,Horror,14,5,5,Mobile,1,1,0,3G,0,3,7,6,10,0,0,N/A
CUST00276,Netflix,38,35-44,Female,Lucknow,38,2020-11-13,Tamil,Standard,Credit Card,Quarterly,No, ₹ 281.41 ," ₹ 9,214.40 ",1,1,1,No,571  min,132.8  min,32,34.8,1  days,2023-12-28,4  days,81.5  %,39  nos,Thriller,12,4,2,Smart TV,1,0,1,WiFi,0,1,7,30,14,0,0,N/A
CUST00277,Amazon Prime,18,18-24,Male,Lucknow,1,2023-11-19,Gujarati,Premium,Credit Card,Monthly,Yes, ₹ 485.91 , ₹ 433.49 ,1,0,0,Yes,671  min,156  min,3,30,17  days,2023-12-28,4  days,46.2  %,29  nos,Comedy,12,7,3,Mobile,3,0,2,4G,1,4,4,40,12,0,0,N/A
CUST00278,Netflix,22,18-24,Female,Delhi,33,2021-03-21,Malayalam,Standard,Debit Card,Quarterly,Yes, ₹ 305.14 ," ₹ 8,927.23 ",0,2,1,Yes,879  min,204.4  min,17,61.5,12  days,2023-12-31,1  days,98.3  %,33  nos,Reality,1,5,3,Mobile,4,2,0,4G,0,4,5,39,6,0,1,Technical Issues
CUST00279,Netflix,19,18-24,Male,Bangalore,36,2021-01-08,Kannada,Standard,Debit Card,Monthly,Yes, ₹ 306.48 ," ₹ 10,473.47 ",0,0,0,No,814  min,189.3  min,10,11,8  days,2023-12-20,12  days,91.9  %,27  nos,Drama,33,5,1,Mobile,4,2,3,4G,1,3,4,0,6,0,0,N/A
CUST00280,Amazon Prime,31,25-34,Male,Pune,42,2020-07-20,Tamil,Premium,UPI,Monthly,Yes, ₹ 494.62 ," ₹ 18,482.21 ",1,0,1,No,997  min,231.9  min,4,31.2,12  days,2023-12-28,4  days,62.7  %,65  nos,Horror,3,1,3,Tablet,4,2,1,4G,0,5,9,20,2,0,0,N/A
CUST00281,Amazon Prime,21,18-24,Male,Mumbai,14,2022-10-14,Gujarati,Premium,Debit Card,Monthly,Yes, ₹ 465.33 ," ₹ 5,631.53 ",1,1,0,No,993  min,230.9  min,29,32,14  days,2023-12-30,2  days,78.9  %,33  nos,Reality,3,6,5,Smart TV,4,0,0,5G,1,4,10,31,13,0,0,N/A
CUST00282,SonyLiv,28,25-34,Male,Bangalore,42,2020-07-15,Gujarati,Premium,UPI,Annual,Yes, ₹ 499.29 ," ₹ 19,466.76 ",0,0,1,No,1264  min,294  min,17,72.5,0  days,2023-12-29,3  days,36.6  %,41  nos,Action,21,9,4,Laptop,2,1,1,WiFi,0,3,4,18,10,0,0,N/A
CUST00283,Amazon Prime,38,35-44,Female,Hyderabad,41,2020-08-13,English,Standard,UPI,Annual,No, ₹ 303.64 ," ₹ 10,738.37 ",1,0,0,No,1025  min,238.4  min,22,73,22  days,2023-12-30,2  days,58.9  %,79  nos,Sports,12,5,6,Smart TV,2,1,0,WiFi,0,4,4,37,8,0,0,N/A
CUST00284,SonyLiv,20,18-24,Female,Delhi,36,2021-01-02,Hindi,Standard,UPI,Annual,Yes, ₹ 293.96 ," ₹ 9,164.36 ",0,0,0,No,847  min,197  min,17,77.2,7  days,2023-12-19,13  days,28.8  %,45  nos,Reality,19,8,3,Mobile,2,1,0,5G,0,3,6,34,5,0,0,N/A
CUST00285,Amazon Prime,38,35-44,Male,Pune,52,2019-09-08,Telugu,Standard,UPI,Monthly,Yes, ₹ 312.04 ," ₹ 15,142.77 ",0,0,1,No,735  min,170.9  min,13,31,6  days,2023-12-28,4  days,35.1  %,43  nos,Romance,10,4,3,Smart TV,4,3,0,4G,1,2,3,20,10,0,0,N/A
CUST00286,Netflix,33,25-34,Female,Delhi,52,2019-09-23,Telugu,Standard,Net Banking,Monthly,Yes, ₹ 320.17 ," ₹ 15,151.85 ",0,0,0,No,1017  min,236.5  min,14,18.7,15  days,2023-12-31,1  days,55.5  %,25  nos,Sports,11,7,2,Smart TV,3,2,0,4G,0,1,4,26,2,0,1,Content
CUST00287,JioHotstar,36,35-44,Female,Bangalore,33,2021-04-11,Kannada,Basic,UPI,Monthly,Yes, ₹ 162.04 ," ₹ 5,126.34 ",0,0,0,No,1071  min,249.1  min,21,45.4,20  days,2023-12-27,5  days,68.2  %,20  nos,Documentary,10,3,0,Smart TV,0,0,0,4G,0,2,6,12,10,51.9,0,N/A
CUST00288,JioHotstar,37,35-44,Female,Bangalore,44,2020-04-30,Malayalam,Standard,UPI,Quarterly,No, ₹ 263.63 ," ₹ 10,357.40 ",1,0,2,Yes,1669  min,388.1  min,10,66.6,13  days,2023-12-31,1  days,42.9  %,38  nos,Reality,3,6,0,Smart TV,3,0,0,4G,1,3,7,15,10,0,0,N/A
CUST00289,JioHotstar,29,25-34,Male,Mumbai,11,2023-01-14,English,Family,Net Banking,Monthly,Yes, ₹ 633.33 ," ₹ 6,534.09 ",2,0,1,No,1671  min,388.6  min,17,33.5,18  days,2023-12-20,12  days,78.6  %,21  nos,Drama,15,4,4,Tablet,7,1,0,4G,0,4,7,20,9,0,0,N/A
CUST00290,JioHotstar,46,45-54,Female,Hyderabad,56,2019-05-07,Bengali,Basic,Wallet,Monthly,Yes, ₹ 177.28 ," ₹ 8,445.45 ",1,0,0,Yes,770  min,179.1  min,28,64.5,16  days,2023-12-29,3  days,53.7  %,30  nos,Sports,12,4,2,Mobile,1,2,0,WiFi,2,3,8,34,7,65.3,0,N/A
CUST00291,ZEE5,29,25-34,Female,Kolkata,60,2019-01-03,Gujarati,Premium,Debit Card,Quarterly,No, ₹ 498.37 ," ₹ 27,942.87 ",1,0,5,No,1035  min,240.7  min,20,38.9,12  days,2023-12-13,19  days,79.3  %,32  nos,Horror,0,3,3,Desktop,1,0,0,4G,0,3,4,36,9,0,0,N/A
CUST00292,JioHotstar,18,18-24,Male,Delhi,18,2022-06-22,English,Standard,UPI,Monthly,Yes, ₹ 316.66 ," ₹ 5,529.02 ",1,1,3,No,1106  min,257.2  min,19,17.5,21  days,2024-01-01,0  days,62.4  %,57  nos,Horror,6,4,4,Smart TV,1,1,0,WiFi,1,3,4,29,7,0,0,N/A
CUST00293,Netflix,43,35-44,Male,Hyderabad,6,2023-06-30,Gujarati,Family,Credit Card,Monthly,No, ₹ 622.75 ," ₹ 3,326.84 ",0,0,1,No,850  min,197.7  min,23,42,21  days,2023-12-13,19  days,63.1  %,45  nos,Thriller,20,3,5,Smart TV,4,0,1,WiFi,2,2,6,38,10,0,0,N/A
CUST00294,SonyLiv,19,18-24,Male,Chennai,57,2019-03-29,Telugu,Premium,Credit Card,Annual,Yes, ₹ 519.05 ," ₹ 25,496.29 ",0,0,0,No,734  min,170.7  min,19,44.1,10  days,2023-12-31,1  days,72.8  %,63  nos,Sci-Fi,1,8,4,Smart TV,5,2,0,4G,1,3,9,18,8,0,0,N/A
CUST00295,Netflix,40,35-44,Male,Lucknow,22,2022-02-25,Malayalam,Premium,UPI,Quarterly,Yes, ₹ 470.21 ," ₹ 9,076.69 ",0,0,0,No,531  min,123.5  min,11,21.2,17  days,2024-01-01,0  days,72.4  %,51  nos,Sports,4,7,1,Mobile,4,2,1,WiFi,1,5,5,29,19,0,0,N/A
CUST00296,Netflix,24,18-24,Female,Ahmedabad,37,2020-11-20,Hindi,Standard,Credit Card,Quarterly,Yes, ₹ 280.21 ," ₹ 10,331.23 ",0,0,0,No,521  min,121.2  min,22,72.8,17  days,2023-12-27,5  days,67.1  %,37  nos,Sci-Fi,1,2,1,Mobile,2,2,0,WiFi,0,2,5,42,0,0,0,N/A
CUST00297,Amazon Prime,18,18-24,Male,Hyderabad,42,2020-06-26,Bengali,Basic,UPI,Monthly,No, ₹ 154.39 ," ₹ 5,845.44 ",0,0,1,Yes,76  min,17.7  min,24,62.5,11  days,2024-01-01,0  days,61.8  %,41  nos,Documentary,11,4,2,Mobile,4,2,0,4G,1,5,8,10,13,22,0,N/A
CUST00298,SonyLiv,35,35-44,Male,Bangalore,40,2020-09-18,Tamil,Family,Net Banking,Annual,No, ₹ 638.80 ," ₹ 24,801.11 ",0,0,1,No,409  min,95.1  min,12,48.7,30  days,2023-12-09,23  days,56  %,0  nos,Documentary,8,2,3,Mobile,1,1,1,5G,0,3,5,7,6,0,0,N/A
CUST00299,Amazon Prime,39,35-44,Male,Pune,35,2021-02-12,Tamil,Family,UPI,Monthly,No, ₹ 645.77 ," ₹ 21,874.17 ",2,1,1,No,811  min,188.6  min,22,8.2,23  days,2023-12-12,20  days,67.7  %,69  nos,Sports,10,3,2,Tablet,3,0,0,WiFi,1,2,9,28,7,0,1,Price
CUST00300,Netflix,28,25-34,Male,Delhi,31,2021-05-25,Marathi,Basic,Credit Card,Quarterly,No, ₹ 121.31 ," ₹ 3,390.65 ",0,1,0,No,146  min,34  min,5,44.6,16  days,2023-12-31,1  days,64.5  %,59  nos,Horror,6,7,4,Tablet,3,1,0,3G,1,3,2,29,11,48.1,1,Technical Issues
CUST00301,JioHotstar,36,35-44,Male,Kolkata,25,2021-12-05,Marathi,Premium,Credit Card,Annual,No, ₹ 474.43 ," ₹ 10,759.61 ",3,0,0,No,1484  min,345.1  min,18,53.5,7  days,2023-12-31,1  days,90.4  %,15  nos,Comedy,28,3,3,Tablet,4,1,0,4G,1,3,3,29,5,0,0,N/A
CUST00302,Amazon Prime,42,35-44,Female,Pune,58,2019-02-28,English,Basic,Credit Card,Monthly,Yes, ₹ 164.47 ," ₹ 9,124.92 ",0,0,0,No,701  min,163  min,21,40,15  days,2023-12-21,11  days,100  %,54  nos,Documentary,0,7,7,Mobile,3,1,1,WiFi,0,3,6,42,9,38.4,0,N/A
CUST00303,Amazon Prime,31,25-34,Female,Ahmedabad,29,2021-08-07,Tamil,Basic,UPI,Annual,Yes, ₹ 126.05 ," ₹ 3,622.79 ",0,0,1,No,813  min,189.1  min,5,57.4,2  days,2023-12-17,15  days,73  %,0  nos,Drama,12,5,1,Mobile,6,1,0,WiFi,0,1,3,14,5,20.6,1,Infrequent Usage
CUST00304,Amazon Prime,41,35-44,Male,Pune,36,2020-12-24,English,Basic,Debit Card,Monthly,No, ₹ 133.50 ," ₹ 4,366.14 ",0,0,0,Yes,619  min,144  min,26,68.4,7  days,2023-12-27,5  days,40.6  %,16  nos,Romance,8,4,1,Smart TV,3,0,2,WiFi,0,4,6,29,10,11,0,N/A
CUST00305,Netflix,46,45-54,Male,Hyderabad,59,2019-02-04,Marathi,Premium,Credit Card,Annual,No, ₹ 490.93 ," ₹ 27,003.42 ",1,0,1,Yes,1228  min,285.6  min,20,44.6,27  days,2024-01-01,0  days,37.8  %,48  nos,Sports,24,1,1,Mobile,0,1,0,4G,1,2,4,46,12,0,0,N/A
CUST00306,JioHotstar,22,18-24,Female,Jaipur,44,2020-05-01,Gujarati,Standard,Credit Card,Monthly,No, ₹ 316.29 ," ₹ 12,751.64 ",0,0,0,No,722  min,167.9  min,15,77.3,20  days,2023-12-27,5  days,64.1  %,62  nos,Romance,10,9,4,Mobile,4,0,0,WiFi,0,2,6,18,3,0,0,N/A
CUST00307,SonyLiv,29,25-34,Male,Kolkata,33,2021-04-16,Gujarati,Basic,UPI,Annual,Yes, ₹ 162.77 ," ₹ 4,573.06 ",0,0,0,No,1119  min,260.2  min,23,52.1,5  days,2023-12-30,2  days,96.5  %,28  nos,Romance,33,6,6,Smart TV,3,0,0,4G,0,4,7,17,3,21.1,0,N/A
CUST00308,Netflix,19,18-24,Female,Pune,27,2021-09-15,Telugu,Basic,Net Banking,Monthly,Yes, ₹ 151.95 ," ₹ 3,649.09 ",1,0,0,No,1225  min,284.9  min,32,51.2,18  days,2023-12-24,8  days,47  %,70  nos,Thriller,9,6,4,Smart TV,2,0,1,4G,1,4,2,39,14,0,0,N/A
CUST00309,JioHotstar,24,18-24,Male,Jaipur,56,2019-05-21,Bengali,Standard,UPI,Monthly,Yes, ₹ 308.92 ," ₹ 16,357.28 ",0,0,0,No,1157  min,269.1  min,19,28,12  days,2023-12-26,6  days,56.9  %,60  nos,Romance,7,6,4,Laptop,6,2,0,4G,0,4,8,31,5,0,0,N/A
CUST00310,Netflix,18,18-24,Female,Mumbai,13,2022-11-17,English,Basic,UPI,Monthly,Yes, ₹ 139.10 ," ₹ 1,561.52 ",0,0,0,Yes,487  min,113.3  min,19,62.3,20  days,2024-01-01,0  days,48.4  %,42  nos,Thriller,19,6,1,Mobile,4,2,0,WiFi,1,3,6,20,5,12.7,0,N/A
CUST00311,ZEE5,41,35-44,Male,Mumbai,23,2022-01-25,English,Premium,Wallet,Monthly,No, ₹ 508.18 ," ₹ 10,060.07 ",0,1,0,No,1043  min,242.6  min,9,82,4  days,2023-12-25,7  days,100  %,55  nos,Thriller,13,5,4,Tablet,3,2,1,WiFi,0,3,3,18,10,0,0,N/A
CUST00312,Netflix,30,25-34,Non-Binary,Chennai,27,2021-10-05,Malayalam,Basic,Wallet,Monthly,No, ₹ 147.46 ," ₹ 3,440.32 ",1,0,0,No,1425  min,331.4  min,15,47.5,17  days,2023-12-31,1  days,73.7  %,35  nos,Thriller,0,4,0,Smart TV,3,1,0,4G,0,4,6,32,4,33.8,0,N/A
CUST00313,Amazon Prime,29,25-34,Female,Mumbai,51,2019-09-29,Gujarati,Standard,UPI,Quarterly,Yes, ₹ 292.93 ," ₹ 14,687.37 ",0,0,0,No,579  min,134.7  min,26,19.1,12  days,2023-12-31,1  days,80.1  %,53  nos,Thriller,10,4,3,Desktop,3,0,0,WiFi,2,2,3,25,10,0,0,N/A
CUST00314,Netflix,37,35-44,Female,Lucknow,9,2023-04-01,Kannada,Premium,UPI,Monthly,No, ₹ 449.64 ," ₹ 3,728.24 ",1,0,0,No,1396  min,324.7  min,25,39.1,20  days,2024-01-01,0  days,63.4  %,50  nos,Horror,30,6,1,Laptop,5,1,0,WiFi,1,4,5,31,9,0,0,N/A
CUST00315,JioHotstar,42,35-44,Male,Mumbai,5,2023-08-02,Marathi,Standard,Net Banking,Annual,Yes, ₹ 324.83 ," ₹ 1,437.21 ",2,2,1,No,1022  min,237.7  min,30,14.8,14  days,2023-12-22,10  days,51.2  %,32  nos,Horror,0,8,4,Laptop,1,0,0,WiFi,1,2,8,28,0,0,1,Found Alternative
CUST00316,Amazon Prime,35,35-44,Male,Mumbai,34,2021-03-14,Malayalam,Standard,Debit Card,Monthly,Yes, ₹ 293.96 ," ₹ 9,310.44 ",0,0,1,No,643  min,149.5  min,4,38.9,19  days,2023-12-01,31  days,55.4  %,50  nos,Sci-Fi,31,8,0,Mobile,2,1,1,5G,2,3,4,24,8,0,0,N/A
CUST00317,JioHotstar,40,35-44,Male,Bangalore,31,2021-05-26,Bengali,Premium,Debit Card,Monthly,No, ₹ 510.82 ," ₹ 14,661.91 ",1,0,0,No,837  min,194.7  min,16,55.1,11  days,2023-12-28,4  days,57.2  %,66  nos,Action,22,10,1,Smart TV,0,0,0,WiFi,0,2,2,14,7,0,0,N/A
CUST00318,Amazon Prime,33,25-34,Male,Jaipur,56,2019-04-30,Kannada,Basic,Net Banking,Annual,Yes, ₹ 143.57 ," ₹ 7,175.38 ",0,0,0,No,791  min,184  min,27,53.6,14  days,2023-12-23,9  days,100  %,20  nos,Horror,17,6,2,Mobile,4,1,0,4G,1,2,6,32,13,29.5,1,Financial Constraint
CUST00319,Netflix,33,25-34,Female,Chennai,8,2023-04-27,Malayalam,Basic,UPI,Quarterly,Yes, ₹ 122.72 , ₹ 906.64 ,1,1,2,No,875  min,203.5  min,7,25,19  days,2024-01-01,0  days,69  %,38  nos,Reality,6,3,3,Mobile,2,0,0,WiFi,2,4,7,22,8,4.5,0,N/A
CUST00320,Netflix,30,25-34,Female,Chennai,45,2020-03-30,Malayalam,Family,UPI,Monthly,Yes, ₹ 631.79 ," ₹ 25,705.17 ",0,0,0,No,1127  min,262.1  min,18,56.9,6  days,2024-01-01,0  days,66.7  %,25  nos,Documentary,17,5,3,Laptop,3,1,0,4G,2,2,8,34,7,0,1,Found Alternative
CUST00321,Amazon Prime,30,25-34,Female,Kolkata,6,2023-06-26,Telugu,Family,UPI,Annual,Yes, ₹ 695.98 ," ₹ 3,668.17 ",0,0,0,No,1279  min,297.4  min,16,33.9,15  days,2023-12-27,5  days,38.6  %,0  nos,Thriller,27,6,1,Smart TV,0,0,0,5G,1,3,8,26,4,0,0,N/A
CUST00322,JioHotstar,43,35-44,Female,Lucknow,25,2021-11-29,Malayalam,Premium,Credit Card,Monthly,No, ₹ 502.87 ," ₹ 11,723.09 ",1,0,0,No,901  min,209.5  min,16,70.4,15  days,2023-12-29,3  days,69.4  %,54  nos,Comedy,12,5,4,Smart TV,5,1,0,4G,0,3,5,18,10,0,0,N/A
CUST00323,ZEE5,33,25-34,Female,Hyderabad,58,2019-03-08,Marathi,Standard,Debit Card,Annual,Yes, ₹ 314.47 ," ₹ 16,161.96 ",2,0,0,No,479  min,111.4  min,26,63.9,5  days,2024-01-01,0  days,90  %,29  nos,Documentary,41,5,1,Laptop,0,0,1,5G,2,3,6,13,5,0,0,N/A
CUST00324,ZEE5,47,45-54,Male,Pune,1,2023-12-02,Hindi,Family,Debit Card,Monthly,No, ₹ 663.97 , ₹ 594.44 ,0,0,1,No,1064  min,247.4  min,22,48.4,9  days,2023-12-31,1  days,76.4  %,41  nos,Thriller,12,3,1,Mobile,4,0,0,WiFi,0,4,9,26,15,0,0,N/A
CUST00325,ZEE5,45,45-54,Female,Jaipur,35,2021-01-19,Gujarati,Standard,Debit Card,Monthly,Yes, ₹ 314.55 ," ₹ 9,615.66 ",1,0,0,No,929  min,216  min,21,22.4,7  days,2023-12-31,1  days,65  %,60  nos,Reality,14,6,2,Mobile,3,1,2,WiFi,0,4,4,24,7,0,0,N/A
CUST00326,JioHotstar,38,35-44,Female,Chennai,51,2019-10-21,English,Premium,UPI,Monthly,No, ₹ 535.87 ," ₹ 26,056.89 ",0,0,0,No,927  min,215.6  min,0,39.7,17  days,2023-12-22,10  days,44.2  %,22  nos,Drama,0,6,2,Smart TV,7,0,1,WiFi,0,2,8,6,10,0,0,N/A
CUST00327,JioHotstar,20,18-24,Male,Mumbai,53,2019-08-07,Marathi,Standard,UPI,Monthly,No, ₹ 276.24 ," ₹ 14,354.76 ",1,0,0,Yes,612  min,142.3  min,13,44.5,5  days,2023-12-29,3  days,93.6  %,23  nos,Reality,2,5,0,Tablet,3,4,1,4G,2,2,8,16,6,0,0,N/A
CUST00328,Netflix,30,25-34,Female,Hyderabad,37,2020-11-22,Tamil,Standard,Net Banking,Monthly,Yes, ₹ 305.77 ," ₹ 11,309.02 ",0,0,1,No,1100  min,255.8  min,21,5,6  days,2023-12-26,6  days,68.6  %,45  nos,Reality,18,7,2,Smart TV,2,1,0,WiFi,2,3,9,26,6,0,0,N/A
CUST00329,SonyLiv,18,18-24,Male,Hyderabad,6,2023-06-16,Malayalam,Standard,UPI,Monthly,Yes, ₹ 305.21 ," ₹ 1,694.42 ",0,0,0,No,453  min,105.3  min,12,80.9,16  days,2024-01-01,0  days,80.4  %,24  nos,Comedy,17,7,3,Laptop,2,1,1,4G,0,4,6,36,0,0,0,N/A
CUST00330,Amazon Prime,38,35-44,Female,Jaipur,43,2020-06-19,Gujarati,Basic,UPI,Annual,Yes, ₹ 148.85 ," ₹ 6,327.72 ",1,0,0,Yes,1211  min,281.6  min,17,27.5,7  days,2023-12-30,2  days,54.4  %,32  nos,Documentary,16,6,3,Smart TV,4,1,1,WiFi,1,4,8,26,6,20.1,0,N/A
CUST00331,JioHotstar,45,45-54,Male,Kolkata,12,2022-12-21,Marathi,Standard,Wallet,Monthly,Yes, ₹ 302.33 ," ₹ 3,108.19 ",0,1,0,No,778  min,180.9  min,19,30.3,14  days,2023-12-30,2  days,88.5  %,82  nos,Thriller,0,5,5,Laptop,3,0,1,WiFi,0,1,4,7,0,0,0,N/A
CUST00332,Netflix,20,18-24,Female,Chennai,43,2020-06-09,Tamil,Premium,UPI,Monthly,Yes, ₹ 467.59 ," ₹ 17,426.02 ",0,1,0,No,1034  min,240.5  min,10,5,24  days,2023-12-31,1  days,45  %,70  nos,Action,0,5,1,Mobile,0,1,1,4G,1,2,5,23,7,0,1,Technical Issues
CUST00333,SonyLiv,36,35-44,Female,Lucknow,50,2019-10-30,Tamil,Premium,Debit Card,Monthly,No, ₹ 480.93 ," ₹ 22,339.68 ",1,1,0,No,953  min,221.6  min,33,88.6,11  days,2023-12-28,4  days,89.7  %,71  nos,Action,23,4,4,Mobile,1,1,1,4G,1,4,1,19,6,0,0,N/A
CUST00334,Netflix,27,25-34,Female,Mumbai,5,2023-07-19,Kannada,Premium,Debit Card,Annual,Yes, ₹ 500.09 ," ₹ 2,165.85 ",0,1,0,No,1076  min,250.2  min,18,69.5,10  days,2023-12-28,4  days,75.3  %,39  nos,Documentary,29,2,3,Mobile,1,3,0,WiFi,0,2,6,11,6,0,0,N/A
CUST00335,Netflix,28,25-34,Male,Lucknow,37,2020-12-09,English,Basic,Debit Card,Monthly,No, ₹ 154.62 ," ₹ 4,881.24 ",0,0,0,Yes,632  min,147  min,26,43.5,8  days,2023-12-26,6  days,51.2  %,26  nos,Sports,9,8,2,Mobile,2,0,2,4G,0,2,5,20,3,19.6,0,N/A
CUST00336,Netflix,35,35-44,Female,Hyderabad,43,2020-05-31,Bengali,Basic,Wallet,Monthly,No, ₹ 122.69 ," ₹ 4,979.54 ",0,1,0,No,895  min,208.1  min,15,44,24  days,2024-01-01,0  days,94.1  %,50  nos,Action,17,10,2,Tablet,2,2,0,5G,2,2,8,27,15,32.5,1,Content
CUST00337,Amazon Prime,29,25-34,Male,Pune,36,2020-12-31,Telugu,Standard,Debit Card,Monthly,Yes, ₹ 279.50 ," ₹ 9,466.38 ",0,0,0,No,529  min,123  min,13,14.7,17  days,2023-12-31,1  days,100  %,36  nos,Comedy,14,6,0,Mobile,2,2,1,WiFi,1,3,4,29,0,0,0,N/A
CUST00338,SonyLiv,32,25-34,Female,Kolkata,48,2020-01-22,Gujarati,Family,Credit Card,Annual,No, ₹ 643.86 ," ₹ 29,311.64 ",0,0,0,No,427  min,99.3  min,8,47.1,15  days,2023-12-11,21  days,43.6  %,34  nos,Comedy,9,5,4,Mobile,4,0,1,4G,0,3,4,40,2,0,0,N/A
CUST00339,Netflix,31,25-34,Male,Bangalore,50,2019-11-04,Hindi,Premium,UPI,Monthly,Yes, ₹ 511.80 ," ₹ 23,451.97 ",0,0,0,No,1015  min,236  min,16,57.7,6  days,2023-12-25,7  days,55.1  %,56  nos,Romance,15,4,5,Mobile,1,1,1,WiFi,2,4,7,32,9,0,0,N/A
CUST00340,Netflix,33,25-34,Non-Binary,Lucknow,19,2022-06-04,Telugu,Standard,UPI,Monthly,Yes, ₹ 273.66 ," ₹ 5,027.82 ",0,0,0,Yes,817  min,190  min,7,49.8,16  days,2023-12-30,2  days,88.6  %,41  nos,Reality,17,5,1,Smart TV,2,0,0,4G,3,3,4,9,14,0,0,N/A
CUST00341,Amazon Prime,37,35-44,Male,Bangalore,14,2022-11-02,Telugu,Basic,Net Banking,Monthly,Yes, ₹ 116.52 ," ₹ 1,487.66 ",1,1,3,No,986  min,229.3  min,6,52.3,15  days,2023-12-25,7  days,73.3  %,14  nos,Thriller,12,5,1,Laptop,1,1,0,WiFi,1,3,5,35,15,23.2,0,N/A
CUST00342,ZEE5,30,25-34,Female,Ahmedabad,47,2020-01-24,Marathi,Premium,UPI,Monthly,No, ₹ 542.42 ," ₹ 23,994.44 ",2,0,0,No,816  min,189.8  min,20,30,20  days,2023-12-31,1  days,53.6  %,56  nos,Horror,3,3,1,Mobile,4,1,0,5G,1,2,4,27,5,0,0,N/A
CUST00343,JioHotstar,21,18-24,Female,Mumbai,36,2020-12-31,English,Standard,UPI,Monthly,No, ₹ 275.46 ," ₹ 9,200.64 ",1,0,1,No,1524  min,354.4  min,15,69.2,14  days,2023-12-29,3  days,75.6  %,49  nos,Action,18,5,2,Smart TV,2,0,0,4G,0,2,4,44,6,0,0,N/A
CUST00344,Netflix,37,35-44,Male,Pune,21,2022-03-19,Bengali,Standard,Credit Card,Quarterly,Yes, ₹ 300.06 ," ₹ 5,844.71 ",0,0,2,Yes,1065  min,247.7  min,18,58.1,16  days,2023-12-26,6  days,46.9  %,60  nos,Sci-Fi,25,4,4,Mobile,2,1,1,4G,1,2,8,35,4,0,1,Technical Issues
CUST00345,ZEE5,35,35-44,Female,Pune,29,2021-08-08,Marathi,Standard,UPI,Quarterly,Yes, ₹ 273.45 ," ₹ 6,980.74 ",0,0,0,No,1264  min,294  min,32,39.1,6  days,2024-01-01,0  days,42.1  %,53  nos,Romance,33,7,1,Mobile,3,3,1,4G,0,3,4,24,4,0,0,N/A
CUST00346,Netflix,18,18-24,Female,Delhi,8,2023-04-13,Malayalam,Standard,UPI,Annual,No, ₹ 293.40 ," ₹ 2,338.47 ",1,0,1,No,1301  min,302.6  min,22,61.5,1  days,2024-01-01,0  days,56.8  %,35  nos,Comedy,22,7,1,Mobile,2,0,1,WiFi,1,3,6,29,10,0,0,N/A
CUST00347,ZEE5,36,35-44,Female,Bangalore,12,2023-01-04,Tamil,Basic,Net Banking,Monthly,Yes, ₹ 136.57 ," ₹ 1,581.96 ",2,0,1,No,1745  min,405.8  min,15,64.2,10  days,2023-12-29,3  days,52  %,57  nos,Comedy,0,3,0,Mobile,1,1,4,WiFi,1,3,6,22,13,27.9,0,N/A
CUST00348,JioHotstar,34,25-34,Male,Ahmedabad,34,2021-02-16,Malayalam,Standard,UPI,Annual,Yes, ₹ 324.95 ," ₹ 10,366.94 ",2,1,0,No,868  min,201.9  min,27,39.8,22  days,2023-12-26,6  days,62.9  %,40  nos,Documentary,0,3,1,Smart TV,7,1,2,4G,1,4,7,47,8,0,1,Infrequent Usage
CUST00349,Netflix,36,35-44,Female,Chennai,4,2023-08-24,Tamil,Basic,Debit Card,Monthly,No, ₹ 129.39 , ₹ 491.71 ,0,0,0,No,526  min,122.3  min,21,34.5,10  days,2023-12-31,1  days,54.5  %,12  nos,Romance,7,3,2,Mobile,0,1,2,WiFi,0,5,3,19,6,26.1,0,N/A
CUST00350,ZEE5,34,25-34,Male,Kolkata,42,2020-06-29,Gujarati,Basic,Credit Card,Quarterly,No, ₹ 149.71 ," ₹ 5,432.48 ",0,0,0,No,771  min,179.3  min,15,19.3,11  days,2023-12-30,2  days,62.5  %,18  nos,Horror,6,8,2,Tablet,12,0,1,5G,0,2,6,21,9,43.4,0,N/A
CUST00351,SonyLiv,18,18-24,Male,Ahmedabad,10,2023-03-02,English,Premium,UPI,Monthly,Yes, ₹ 527.32 ," ₹ 5,032.61 ",0,0,1,No,928  min,215.8  min,36,60.8,14  days,2024-01-01,0  days,63.4  %,29  nos,Drama,10,4,4,Smart TV,5,1,0,3G,2,3,3,26,6,0,0,N/A
CUST00352,Netflix,38,35-44,Female,Lucknow,54,2019-07-02,Bengali,Standard,UPI,Monthly,Yes, ₹ 289.93 ," ₹ 14,771.43 ",1,0,0,No,1587  min,369.1  min,19,39.9,6  days,2023-12-21,11  days,31.4  %,102  nos,Reality,12,7,4,Smart TV,1,1,0,4G,2,3,0,14,4,0,0,N/A
CUST00353,Amazon Prime,33,25-34,Male,Lucknow,16,2022-08-13,Bengali,Family,UPI,Monthly,Yes, ₹ 632.93 ," ₹ 8,786.98 ",0,0,0,No,704  min,163.7  min,17,35.9,17  days,2023-12-31,1  days,72.6  %,51  nos,Reality,7,6,1,Desktop,7,0,0,WiFi,0,4,0,17,7,0,0,N/A
CUST00354,JioHotstar,37,35-44,Female,Mumbai,44,2020-04-30,Telugu,Premium,UPI,Monthly,Yes, ₹ 493.63 ," ₹ 20,253.62 ",0,0,0,No,1039  min,241.6  min,26,35.8,23  days,2023-12-12,20  days,11.4  %,39  nos,Drama,7,5,2,Laptop,2,1,0,WiFi,1,3,4,19,11,0,0,N/A
CUST00355,JioHotstar,31,25-34,Male,Bangalore,14,2022-10-31,Marathi,Premium,UPI,Monthly,Yes, ₹ 447.12 ," ₹ 5,354.12 ",0,0,0,Yes,802  min,186.5  min,18,70.7,13  days,2023-12-29,3  days,70.2  %,47  nos,Comedy,2,7,2,Smart TV,5,1,2,5G,1,3,5,22,12,0,0,N/A
CUST00356,Amazon Prime,24,18-24,Female,Pune,51,2019-10-04,Hindi,Premium,UPI,Annual,Yes, ₹ 507.07 ," ₹ 24,060.23 ",1,0,0,Yes,1104  min,256.7  min,21,63.2,16  days,2023-12-22,10  days,100  %,26  nos,Horror,1,8,2,Laptop,5,0,0,5G,1,4,6,32,14,0,0,N/A
CUST00357,ZEE5,25,25-34,Male,Mumbai,24,2022-01-07,Kannada,Standard,UPI,Quarterly,Yes, ₹ 321.21 ," ₹ 7,240.94 ",1,1,0,No,32  min,7.4  min,23,40.3,27  days,2023-12-23,9  days,88.5  %,62  nos,Romance,19,4,5,Laptop,2,0,1,WiFi,2,3,4,28,5,0,1,Content
CUST00358,Amazon Prime,36,35-44,Male,Ahmedabad,57,2019-04-09,Bengali,Basic,Credit Card,Monthly,No, ₹ 173.32 ," ₹ 9,549.95 ",1,1,1,No,612  min,142.3  min,13,26.1,11  days,2023-12-31,1  days,45.6  %,40  nos,Sci-Fi,12,6,1,Smart TV,3,2,0,4G,1,2,4,32,21,44.6,0,N/A
CUST00359,Netflix,22,18-24,Male,Ahmedabad,51,2019-10-24,Gujarati,Standard,Credit Card,Annual,Yes, ₹ 291.66 ," ₹ 14,835.11 ",0,2,1,No,912  min,212.1  min,15,71.5,12  days,2023-12-29,3  days,45.6  %,21  nos,Comedy,16,5,4,Mobile,2,2,0,WiFi,1,3,8,40,8,0,0,N/A
CUST00360,SonyLiv,23,18-24,Male,Kolkata,4,2023-09-03,English,Standard,UPI,Monthly,No, ₹ 317.05 ," ₹ 1,219.80 ",0,0,3,Yes,317  min,73.7  min,34,59.8,19  days,2023-12-29,3  days,22.5  %,26  nos,Romance,29,4,5,Smart TV,5,1,0,WiFi,1,4,0,15,8,0,0,N/A
CUST00361,Amazon Prime,28,25-34,Female,Ahmedabad,46,2020-02-27,English,Basic,UPI,Monthly,No, ₹ 126.92 ," ₹ 5,452.66 ",0,0,0,Yes,516  min,120  min,25,74,12  days,2023-12-29,3  days,92.5  %,33  nos,Sports,28,5,2,Mobile,6,3,0,WiFi,1,4,10,19,11,14.9,0,N/A
CUST00362,JioHotstar,34,25-34,Male,Chennai,12,2022-12-17,English,Standard,UPI,Monthly,Yes, ₹ 321.11 ," ₹ 3,292.08 ",0,0,0,No,1262  min,293.5  min,16,24.9,11  days,2023-12-30,2  days,39  %,57  nos,Action,22,4,3,Mobile,3,3,0,WiFi,1,3,4,12,6,0,0,N/A
CUST00363,Netflix,38,35-44,Female,Lucknow,43,2020-05-22,Malayalam,Standard,Credit Card,Annual,Yes, ₹ 280.90 ," ₹ 11,482.38 ",1,0,0,No,857  min,199.3  min,16,78.4,16  days,2023-12-28,4  days,46.5  %,34  nos,Sci-Fi,9,10,2,Smart TV,2,3,1,WiFi,0,4,5,14,7,0,0,N/A
CUST00364,JioHotstar,25,25-34,Male,Kolkata,47,2020-01-31,Malayalam,Standard,UPI,Monthly,No, ₹ 262.28 ," ₹ 10,955.24 ",0,0,1,No,723  min,168.1  min,30,58.6,3  days,2023-12-29,3  days,95.1  %,48  nos,Comedy,18,4,4,Laptop,1,1,0,4G,2,4,4,42,6,0,0,N/A
CUST00365,ZEE5,39,35-44,Male,Mumbai,5,2023-07-22,Malayalam,Basic,Credit Card,Annual,Yes, ₹ 171.91 , ₹ 775.57 ,2,0,0,No,1189  min,276.5  min,27,22.6,19  days,2023-12-29,3  days,73.1  %,71  nos,Sports,7,3,5,Mobile,3,1,1,5G,1,2,5,50,15,8.9,0,N/A
CUST00366,Amazon Prime,33,25-34,Female,Kolkata,37,2020-12-06,Malayalam,Standard,Credit Card,Quarterly,Yes, ₹ 313.70 ," ₹ 11,561.44 ",1,0,1,No,743  min,172.8  min,18,53.4,6  days,2023-12-26,6  days,43.2  %,45  nos,Horror,0,7,3,Mobile,1,0,0,4G,1,2,3,28,10,0,0,N/A
CUST00367,ZEE5,18,18-24,Female,Hyderabad,38,2020-11-12,Telugu,Basic,Debit Card,Annual,Yes, ₹ 137.07 ," ₹ 5,081.11 ",0,0,0,Yes,912  min,212.1  min,15,85.6,7  days,2023-12-31,1  days,59.4  %,45  nos,Reality,4,5,4,Smart TV,1,0,0,4G,2,5,1,30,5,43.3,0,N/A
CUST00368,Netflix,34,25-34,Female,Delhi,41,2020-07-25,English,Premium,Debit Card,Annual,Yes, ₹ 509.19 ," ₹ 19,765.07 ",1,0,0,Yes,1291  min,300.2  min,18,34.2,5  days,2023-12-31,1  days,73.7  %,30  nos,Thriller,36,5,2,Laptop,3,2,2,5G,2,4,7,49,8,0,0,N/A
CUST00369,JioHotstar,37,35-44,Male,Bangalore,46,2020-03-19,Tamil,Standard,UPI,Quarterly,Yes, ₹ 269.98 ," ₹ 10,939.34 ",0,0,0,No,0  min,0  min,29,6.9,13  days,2024-01-01,0  days,92.7  %,47  nos,Romance,6,5,1,Smart TV,2,1,0,5G,0,4,6,25,7,0,0,N/A
CUST00370,ZEE5,28,25-34,Male,Hyderabad,7,2023-06-03,Hindi,Standard,Debit Card,Annual,No, ₹ 282.94 ," ₹ 1,702.03 ",0,2,0,No,571  min,132.8  min,20,89.7,4  days,2023-12-29,3  days,59.3  %,66  nos,Action,10,4,2,Mobile,2,0,0,4G,4,4,4,33,9,0,0,N/A
CUST00371,Netflix,22,18-24,Male,Mumbai,17,2022-08-08,Kannada,Premium,Credit Card,Monthly,Yes, ₹ 497.26 ," ₹ 7,669.24 ",0,0,0,No,768  min,178.6  min,17,45.3,15  days,2023-12-29,3  days,75.3  %,29  nos,Comedy,23,2,5,Smart TV,6,0,0,WiFi,1,2,1,40,4,0,0,N/A
CUST00372,ZEE5,45,45-54,Female,Bangalore,20,2022-04-21,Tamil,Basic,UPI,Monthly,No, ₹ 99.00 ," ₹ 1,827.55 ",1,3,0,No,745  min,173.3  min,31,50,18  days,2023-12-26,6  days,71.6  %,50  nos,Comedy,23,8,3,Mobile,3,2,0,4G,0,4,4,41,10,30.2,0,N/A
CUST00373,Amazon Prime,35,35-44,Female,Lucknow,30,2021-07-14,Tamil,Standard,Credit Card,Annual,Yes, ₹ 339.73 ," ₹ 9,008.22 ",0,1,0,No,1201  min,279.3  min,19,58.3,15  days,2023-12-23,9  days,100  %,23  nos,Action,14,3,4,Smart TV,1,1,1,5G,2,2,3,23,13,0,1,Technical Issues
CUST00374,Amazon Prime,36,35-44,Female,Hyderabad,3,2023-09-25,Hindi,Standard,Net Banking,Monthly,Yes, ₹ 275.65 , ₹ 788.56 ,1,0,0,Yes,1096  min,254.9  min,24,35.9,17  days,2023-12-22,10  days,41.1  %,53  nos,Sports,12,7,4,Desktop,3,1,0,3G,0,2,6,44,6,0,0,N/A
CUST00375,Amazon Prime,39,35-44,Male,Lucknow,7,2023-06-04,Telugu,Standard,Net Banking,Annual,Yes, ₹ 320.47 ," ₹ 2,120.03 ",0,0,0,No,1225  min,284.9  min,7,22.7,6  days,2023-12-26,6  days,78.6  %,42  nos,Romance,22,4,4,Smart TV,1,1,1,5G,1,1,4,1,6,0,0,N/A
CUST00376,Netflix,18,18-24,Male,Ahmedabad,40,2020-09-13,Marathi,Standard,Wallet,Annual,Yes, ₹ 281.57 ," ₹ 9,633.06 ",0,0,1,No,858  min,199.5  min,6,55.3,27  days,2024-01-01,0  days,55.6  %,62  nos,Romance,23,7,1,Laptop,2,1,0,4G,0,3,9,34,12,0,0,N/A
CUST00377,Amazon Prime,37,35-44,Male,Mumbai,45,2020-03-28,Bengali,Premium,Debit Card,Monthly,Yes, ₹ 524.97 ," ₹ 21,871.71 ",0,0,0,No,465  min,108.1  min,4,16.2,11  days,2024-01-01,0  days,90.3  %,41  nos,Romance,16,7,5,Mobile,1,1,0,4G,1,3,8,28,6,0,0,N/A
CUST00378,Netflix,34,25-34,Female,Lucknow,12,2022-12-10,Tamil,Premium,Credit Card,Monthly,No, ₹ 535.78 ," ₹ 5,692.74 ",0,0,0,Yes,1081  min,251.4  min,15,63.5,4  days,2023-12-29,3  days,34.3  %,75  nos,Sports,12,5,3,Tablet,1,5,0,WiFi,1,3,3,15,0,0,0,N/A
CUST00379,Netflix,33,25-34,Female,Bangalore,58,2019-03-23,Malayalam,Premium,Credit Card,Monthly,Yes, ₹ 495.78 ," ₹ 27,573.40 ",1,1,0,Yes,424  min,98.6  min,8,93.1,21  days,2023-12-26,6  days,77.1  %,37  nos,Reality,21,3,2,Laptop,0,2,1,WiFi,0,2,7,27,7,0,0,N/A
CUST00380,SonyLiv,44,35-44,Male,Bangalore,32,2021-04-26,Kannada,Standard,Credit Card,Annual,No, ₹ 307.10 ," ₹ 8,697.56 ",0,0,1,No,1120  min,260.5  min,33,77.7,17  days,2023-12-31,1  days,82.6  %,33  nos,Documentary,19,9,3,Smart TV,4,1,2,WiFi,0,1,5,31,10,0,0,N/A
CUST00381,Netflix,36,35-44,Female,Ahmedabad,27,2021-10-11,Marathi,Family,Net Banking,Monthly,No, ₹ 641.33 ," ₹ 16,374.16 ",0,0,1,No,768  min,178.6  min,10,62,15  days,2023-12-31,1  days,64.1  %,10  nos,Documentary,5,5,0,Smart TV,1,2,3,4G,2,4,7,28,7,0,0,N/A
CUST00382,Netflix,37,35-44,Female,Kolkata,45,2020-04-01,Kannada,Standard,Debit Card,Monthly,Yes, ₹ 279.94 ," ₹ 12,163.63 ",0,0,0,No,1371  min,318.8  min,18,62.3,24  days,2023-12-29,3  days,51.3  %,32  nos,Comedy,11,3,2,Mobile,3,1,1,WiFi,1,3,5,17,4,0,0,N/A
CUST00383,Netflix,47,45-54,Male,Jaipur,8,2023-05-04,Malayalam,Standard,Net Banking,Monthly,Yes, ₹ 312.92 ," ₹ 2,360.44 ",2,0,0,Yes,596  min,138.6  min,24,28.3,8  days,2023-12-30,2  days,27.7  %,49  nos,Reality,17,5,0,Laptop,3,3,0,5G,0,3,4,16,8,0,0,N/A
CUST00384,JioHotstar,29,25-34,Female,Delhi,6,2023-06-09,Tamil,Standard,Net Banking,Quarterly,No, ₹ 293.54 ," ₹ 1,545.87 ",1,0,0,Yes,589  min,137  min,16,51.2,12  days,2023-12-13,19  days,78.2  %,44  nos,Comedy,12,4,3,Mobile,4,1,0,4G,0,3,5,12,10,0,0,N/A
CUST00385,JioHotstar,18,18-24,Female,Kolkata,53,2019-08-10,Kannada,Premium,Debit Card,Annual,Yes, ₹ 455.70 ," ₹ 23,357.73 ",0,0,2,No,256  min,59.5  min,30,60.4,24  days,2023-12-26,6  days,44.1  %,46  nos,Action,18,3,2,Mobile,3,3,2,WiFi,1,3,5,44,11,0,1,Poor UX
CUST00386,Netflix,26,25-34,Male,Ahmedabad,14,2022-10-18,Kannada,Basic,Credit Card,Monthly,No, ₹ 157.46 ," ₹ 1,945.99 ",0,0,0,No,596  min,138.6  min,10,42.2,22  days,2024-01-01,0  days,47.8  %,39  nos,Sci-Fi,15,6,1,Laptop,4,0,0,WiFi,0,3,6,18,3,23.9,0,N/A
CUST00387,JioHotstar,24,18-24,Male,Ahmedabad,2,2023-10-25,Malayalam,Basic,Debit Card,Annual,Yes, ₹ 162.07 , ₹ 288.47 ,1,0,1,No,1369  min,318.4  min,18,13.1,18  days,2023-12-30,2  days,79.1  %,46  nos,Documentary,3,3,2,Smart TV,4,1,0,4G,2,2,4,7,8,34.8,0,N/A
CUST00388,Amazon Prime,20,18-24,Male,Delhi,37,2020-11-21,Telugu,Basic,Wallet,Annual,Yes, ₹ 119.98 ," ₹ 4,151.09 ",0,0,1,No,733  min,170.5  min,17,22.9,10  days,2023-12-31,1  days,61.6  %,60  nos,Horror,21,3,4,Mobile,2,2,0,WiFi,0,2,9,28,0,45.1,1,Poor UX
CUST00389,JioHotstar,20,18-24,Male,Hyderabad,6,2023-06-21,Malayalam,Premium,UPI,Monthly,Yes, ₹ 527.14 ," ₹ 3,147.43 ",0,0,0,No,1144  min,266  min,20,83.1,14  days,2023-12-23,9  days,90  %,37  nos,Romance,11,10,4,Laptop,4,0,0,5G,0,3,4,24,0,0,0,N/A
CUST00390,Amazon Prime,36,35-44,Male,Ahmedabad,51,2019-10-19,Telugu,Basic,UPI,Annual,Yes, ₹ 146.57 ," ₹ 6,902.37 ",0,1,0,Yes,765  min,177.9  min,33,42.9,12  days,2023-12-24,8  days,45.7  %,77  nos,Sports,15,6,5,Smart TV,2,1,1,4G,0,4,6,26,16,61.9,0,N/A
CUST00391,SonyLiv,38,35-44,Female,Mumbai,3,2023-09-18,Marathi,Basic,UPI,Monthly,Yes, ₹ 158.46 , ₹ 461.63 ,0,1,0,No,1146  min,266.5  min,10,38.3,11  days,2024-01-01,0  days,52.3  %,30  nos,Sci-Fi,17,2,5,Tablet,1,1,0,5G,0,4,7,37,9,44.6,0,N/A
CUST00392,JioHotstar,33,25-34,Male,Delhi,3,2023-09-18,Tamil,Standard,UPI,Annual,Yes, ₹ 312.75 , ₹ 831.67 ,1,2,0,No,269  min,62.6  min,27,43.1,11  days,2023-12-29,3  days,67.6  %,33  nos,Action,0,2,2,Mobile,6,2,0,WiFi,1,3,8,23,12,0,0,N/A
CUST00393,SonyLiv,33,25-34,Male,Bangalore,58,2019-03-28,English,Premium,UPI,Monthly,No, ₹ 500.83 ," ₹ 25,652.00 ",1,0,0,No,1675  min,389.5  min,10,17.8,12  days,2023-12-21,11  days,64.5  %,50  nos,Documentary,16,8,1,Mobile,2,1,0,5G,0,3,5,40,7,0,0,N/A
CUST00394,Amazon Prime,34,25-34,Male,Lucknow,38,2020-11-10,Tamil,Standard,Wallet,Monthly,Yes, ₹ 290.21 ," ₹ 9,660.70 ",1,2,0,Yes,958  min,222.8  min,35,12,15  days,2023-12-20,12  days,62  %,5  nos,Romance,11,6,0,Mobile,5,3,0,WiFi,2,3,6,11,14,0,0,N/A
CUST00395,JioHotstar,18,18-24,Male,Lucknow,3,2023-09-10,Tamil,Basic,UPI,Quarterly,No, ₹ 147.26 , ₹ 376.55 ,0,0,0,No,1047  min,243.5  min,20,17.1,6  days,2023-12-29,3  days,45.5  %,59  nos,Action,19,6,2,Mobile,3,0,0,5G,0,5,4,45,1,42.8,0,N/A
CUST00396,JioHotstar,49,45-54,Male,Ahmedabad,48,2020-01-15,Tamil,Basic,Debit Card,Monthly,Yes, ₹ 164.49 ," ₹ 7,822.20 ",0,0,2,No,681  min,158.4  min,21,48.3,3  days,2024-01-01,0  days,36.9  %,58  nos,Action,20,5,0,Smart TV,3,0,0,4G,0,4,6,35,3,70.8,0,N/A
CUST00397,Netflix,18,18-24,Female,Kolkata,24,2021-12-20,Kannada,Basic,UPI,Monthly,Yes, ₹ 180.01 ," ₹ 3,734.21 ",0,0,0,No,587  min,136.5  min,14,21.6,1  days,2023-12-28,4  days,50.5  %,27  nos,Sports,0,9,0,Smart TV,6,1,0,4G,1,3,8,35,9,0,0,N/A
CUST00398,Netflix,21,18-24,Male,Delhi,55,2019-06-15,Tamil,Premium,Wallet,Monthly,Yes, ₹ 502.41 ," ₹ 26,265.33 ",0,1,1,Yes,177  min,41.2  min,26,36.8,21  days,2023-12-31,1  days,58  %,59  nos,Horror,14,3,4,Mobile,1,1,1,WiFi,1,3,8,25,2,0,0,N/A
CUST00399,SonyLiv,45,45-54,Female,Mumbai,8,2023-05-03,Hindi,Family,UPI,Annual,Yes, ₹ 667.75 ," ₹ 4,633.70 ",0,0,0,No,288  min,67  min,21,44.2,23  days,2023-12-30,2  days,72.5  %,60  nos,Sci-Fi,13,5,6,Smart TV,3,0,1,WiFi,1,2,10,5,11,0,1,Found Alternative
CUST00400,Amazon Prime,40,35-44,Female,Hyderabad,16,2022-08-23,English,Basic,Credit Card,Monthly,No, ₹ 161.40 ," ₹ 2,223.52 ",0,0,0,No,1336  min,310.7  min,26,26.2,25  days,2023-12-30,2  days,51.6  %,30  nos,Action,9,7,3,Tablet,3,1,1,WiFi,0,3,2,24,3,50.8,0,N/A
CUST00401,Amazon Prime,40,35-44,Male,Bangalore,32,2021-05-09,Telugu,Standard,Wallet,Monthly,Yes, ₹ 260.95 ," ₹ 7,964.88 ",0,0,1,Yes,803  min,186.7  min,13,71,0  days,2023-12-30,2  days,25.5  %,17  nos,Comedy,17,3,2,Mobile,1,0,0,4G,0,3,5,33,11,0,0,N/A
CUST00402,SonyLiv,47,45-54,Male,Kolkata,42,2020-07-14,Tamil,Premium,Debit Card,Quarterly,Yes, ₹ 468.84 ," ₹ 19,603.07 ",0,0,0,No,731  min,170  min,15,39.9,12  days,2023-12-28,4  days,85.3  %,61  nos,Drama,14,5,6,Smart TV,3,0,0,4G,0,4,9,42,0,0,0,N/A
CUST00403,Netflix,47,45-54,Male,Ahmedabad,20,2022-05-10,Hindi,Premium,Net Banking,Monthly,Yes, ₹ 492.99 ," ₹ 9,237.84 ",0,0,0,No,540  min,125.6  min,17,37.5,6  days,2024-01-01,0  days,88.8  %,12  nos,Reality,28,1,8,Tablet,3,0,3,5G,1,3,10,31,5,0,0,N/A
CUST00404,Amazon Prime,43,35-44,Male,Ahmedabad,51,2019-10-22,Gujarati,Basic,Debit Card,Monthly,No, ₹ 144.14 ," ₹ 7,154.08 ",0,0,0,No,1000  min,232.6  min,27,35.5,8  days,2023-12-27,5  days,100  %,69  nos,Thriller,28,9,3,Mobile,0,1,0,4G,0,4,6,35,7,88.6,0,N/A
CUST00405,Amazon Prime,25,25-34,Male,Hyderabad,21,2022-04-06,Telugu,Standard,UPI,Monthly,Yes, ₹ 333.89 ," ₹ 6,699.64 ",0,0,0,No,875  min,203.5  min,15,94.5,12  days,2023-12-29,3  days,48.5  %,61  nos,Reality,10,8,1,Mobile,0,2,0,4G,1,2,7,29,12,0,0,N/A
CUST00406,SonyLiv,26,25-34,Male,Hyderabad,43,2020-05-28,Malayalam,Premium,UPI,Quarterly,Yes, ₹ 489.84 ," ₹ 20,086.06 ",1,0,0,No,220  min,51.2  min,24,19.7,27  days,2023-12-28,4  days,62.1  %,39  nos,Romance,21,4,3,Smart TV,3,2,0,WiFi,1,3,6,11,6,0,0,N/A
CUST00407,JioHotstar,33,25-34,Female,Delhi,43,2020-06-10,Marathi,Premium,UPI,Annual,Yes, ₹ 490.36 ," ₹ 20,731.17 ",1,0,3,Yes,1876  min,436.3  min,11,24.8,1  days,2023-12-30,2  days,53.3  %,66  nos,Horror,21,3,3,Smart TV,5,2,3,WiFi,1,3,5,30,5,0,0,N/A
CUST00408,JioHotstar,19,18-24,Female,Jaipur,49,2019-12-11,Telugu,Basic,Credit Card,Monthly,Yes, ₹ 157.95 ," ₹ 7,434.67 ",0,0,0,No,1259  min,292.8  min,16,65.9,30  days,2024-01-01,0  days,93  %,42  nos,Thriller,16,9,3,Laptop,1,1,0,4G,0,2,8,28,8,45.9,0,N/A
CUST00409,ZEE5,22,18-24,Female,Pune,19,2022-05-14,Hindi,Basic,Credit Card,Monthly,Yes, ₹ 174.06 ," ₹ 2,871.94 ",0,0,0,No,1642  min,381.9  min,21,54.6,17  days,2023-12-22,10  days,63.7  %,49  nos,Sports,17,4,1,Tablet,3,0,0,4G,1,3,4,25,8,15.9,0,N/A
CUST00410,JioHotstar,28,25-34,Female,Delhi,13,2022-11-12,Malayalam,Basic,Credit Card,Monthly,No, ₹ 150.55 ," ₹ 1,686.17 ",0,1,0,Yes,1583  min,368.1  min,25,56,19  days,2023-12-27,5  days,85.3  %,51  nos,Drama,2,2,5,Laptop,3,0,0,4G,0,4,8,30,3,21.2,0,N/A
CUST00411,Amazon Prime,44,35-44,Female,Kolkata,29,2021-08-01,Gujarati,Family,Credit Card,Monthly,No, ₹ 673.09 ," ₹ 16,654.57 ",1,1,0,Yes,843  min,196  min,11,30.1,8  days,2023-12-29,3  days,76.9  %,55  nos,Action,25,6,0,Tablet,3,0,2,WiFi,0,5,0,16,5,0,0,N/A
CUST00412,JioHotstar,30,25-34,Male,Hyderabad,45,2020-03-30,Marathi,Standard,Debit Card,Monthly,Yes, ₹ 301.64 ," ₹ 12,470.26 ",1,0,0,No,1044  min,242.8  min,2,33.5,7  days,2023-12-26,6  days,74.3  %,29  nos,Romance,31,3,3,Mobile,0,0,0,WiFi,0,4,5,46,8,0,0,N/A
CUST00413,ZEE5,30,25-34,Female,Mumbai,11,2023-02-02,Marathi,Basic,Wallet,Quarterly,Yes, ₹ 141.96 ," ₹ 1,452.72 ",0,0,0,Yes,810  min,188.4  min,12,49.3,14  days,2023-12-13,19  days,40.1  %,37  nos,Comedy,17,10,4,Laptop,3,2,2,4G,0,3,3,13,7,19.6,0,N/A
CUST00414,Netflix,23,18-24,Male,Mumbai,22,2022-02-22,Tamil,Standard,Credit Card,Monthly,Yes, ₹ 301.10 ," ₹ 6,291.88 ",0,0,0,No,1407  min,327.2  min,26,50.3,11  days,2023-12-27,5  days,62.5  %,59  nos,Comedy,0,8,2,Mobile,2,0,1,4G,3,2,0,35,12,0,1,Content
CUST00415,ZEE5,27,25-34,Male,Ahmedabad,53,2019-08-12,Tamil,Family,UPI,Monthly,No, ₹ 674.46 ," ₹ 33,312.83 ",0,0,1,No,874  min,203.3  min,43,71.9,18  days,2024-01-01,0  days,46.7  %,75  nos,Romance,33,4,1,Smart TV,1,2,0,WiFi,0,4,6,44,18,0,0,N/A
CUST00416,ZEE5,27,25-34,Female,Bangalore,55,2019-06-09,Malayalam,Standard,UPI,Monthly,Yes, ₹ 318.40 ," ₹ 16,666.19 ",0,0,0,Yes,297  min,69.1  min,21,38,7  days,2023-12-26,6  days,63.3  %,56  nos,Action,7,7,6,Smart TV,1,3,0,5G,3,3,7,33,2,0,0,N/A
CUST00417,Netflix,51,45-54,Male,Chennai,40,2020-08-25,Gujarati,Basic,UPI,Monthly,Yes, ₹ 154.48 ," ₹ 5,751.36 ",0,0,0,No,1191  min,277  min,4,51.8,15  days,2024-01-01,0  days,34.7  %,38  nos,Drama,29,6,6,Desktop,8,1,0,WiFi,2,2,8,29,13,13.3,0,N/A
CUST00418,JioHotstar,42,35-44,Female,Mumbai,46,2020-03-07,Marathi,Standard,Net Banking,Monthly,Yes, ₹ 341.12 ," ₹ 13,366.49 ",0,3,2,No,1205  min,280.2  min,5,36.6,1  days,2023-12-25,7  days,50.9  %,28  nos,Romance,36,3,1,Desktop,1,1,0,5G,0,2,5,13,8,0,1,Found Alternative
CUST00419,Amazon Prime,35,35-44,Non-Binary,Ahmedabad,20,2022-04-20,Tamil,Premium,Wallet,Monthly,No, ₹ 527.04 ," ₹ 9,180.35 ",1,0,0,No,1605  min,373.3  min,41,78.7,12  days,2023-12-24,8  days,52.9  %,48  nos,Drama,7,5,0,Mobile,4,2,0,WiFi,1,3,8,34,11,0,0,N/A
CUST00420,Amazon Prime,43,35-44,Male,Lucknow,52,2019-09-06,Kannada,Basic,Credit Card,Annual,Yes, ₹ 139.87 ," ₹ 6,788.64 ",2,0,0,No,357  min,83  min,18,14,18  days,2023-12-16,16  days,75.6  %,47  nos,Comedy,2,4,7,Mobile,2,0,0,5G,1,1,6,18,0,68.6,1,Technical Issues
CUST00421,SonyLiv,33,25-34,Male,Lucknow,21,2022-03-20,Malayalam,Standard,Credit Card,Monthly,Yes, ₹ 293.13 ," ₹ 5,474.92 ",0,0,0,No,740  min,172.1  min,12,66.1,30  days,2023-12-31,1  days,65.7  %,47  nos,Sci-Fi,32,10,1,Mobile,2,0,1,4G,0,5,9,25,15,0,0,N/A
CUST00422,Netflix,49,45-54,Female,Chennai,2,2023-10-05,English,Premium,Credit Card,Annual,Yes, ₹ 500.49 , ₹ 905.15 ,0,0,1,No,758  min,176.3  min,18,73.2,14  days,2023-12-29,3  days,82.3  %,26  nos,Documentary,24,5,2,Tablet,4,1,1,4G,0,2,7,35,3,0,0,N/A
CUST00423,JioHotstar,36,35-44,Male,Jaipur,51,2019-10-23,Hindi,Premium,UPI,Monthly,Yes, ₹ 485.29 ," ₹ 24,298.05 ",0,0,1,Yes,304  min,70.7  min,6,52,5  days,2023-12-31,1  days,77.6  %,17  nos,Comedy,23,7,4,Mobile,6,2,0,WiFi,3,4,7,10,12,0,0,N/A
CUST00424,ZEE5,22,18-24,Male,Kolkata,37,2020-12-13,English,Standard,Net Banking,Monthly,Yes, ₹ 298.47 ," ₹ 10,633.62 ",0,0,0,No,709  min,164.9  min,13,5,18  days,2023-12-29,3  days,78.6  %,44  nos,Horror,9,3,0,Laptop,5,0,0,4G,0,2,3,49,8,0,0,N/A
CUST00425,JioHotstar,39,35-44,Female,Delhi,37,2020-12-03,Marathi,Premium,UPI,Monthly,Yes, ₹ 511.70 ," ₹ 17,470.05 ",0,0,0,No,1024  min,238.1  min,18,22.1,8  days,2023-12-12,20  days,29.3  %,42  nos,Comedy,2,4,1,Mobile,1,1,0,WiFi,1,4,4,21,0,0,0,N/A
CUST00426,Netflix,18,18-24,Female,Lucknow,48,2020-01-20,Gujarati,Premium,Net Banking,Annual,No, ₹ 476.44 ," ₹ 20,870.40 ",0,0,1,No,1011  min,235.1  min,9,51.5,18  days,2024-01-01,0  days,57  %,54  nos,Drama,29,3,2,Laptop,5,0,1,5G,1,1,10,25,9,0,0,N/A
CUST00427,Amazon Prime,29,25-34,Male,Ahmedabad,41,2020-07-27,Gujarati,Premium,Credit Card,Annual,Yes, ₹ 493.26 ," ₹ 19,661.16 ",0,0,0,Yes,483  min,112.3  min,23,46.4,30  days,2023-12-28,4  days,46  %,63  nos,Comedy,11,8,6,Laptop,7,2,0,WiFi,0,3,6,16,1,0,0,N/A
CUST00428,ZEE5,36,35-44,Male,Delhi,6,2023-06-26,Hindi,Premium,Net Banking,Monthly,Yes, ₹ 482.00 ," ₹ 2,802.23 ",2,0,0,No,1169  min,271.9  min,30,59.4,16  days,2023-12-25,7  days,65.5  %,43  nos,Action,13,2,1,Smart TV,2,1,0,5G,1,2,9,8,12,0,1,Content
CUST00429,Netflix,25,25-34,Male,Delhi,42,2020-07-18,Telugu,Standard,UPI,Quarterly,Yes, ₹ 287.35 ," ₹ 10,521.90 ",1,0,0,No,715  min,166.3  min,21,56.4,22  days,2024-01-01,0  days,39.3  %,32  nos,Romance,15,3,1,Tablet,4,1,1,WiFi,0,3,6,24,9,0,0,N/A
CUST00430,Amazon Prime,53,45-54,Female,Chennai,35,2021-02-01,English,Basic,Debit Card,Monthly,Yes, ₹ 139.52 ," ₹ 4,291.02 ",0,0,1,No,0  min,0  min,15,31.6,28  days,2023-12-29,3  days,91.4  %,39  nos,Sports,16,4,4,Mobile,4,1,1,4G,0,1,3,29,24,48.9,0,N/A
CUST00431,ZEE5,59,55+,Female,Ahmedabad,26,2021-11-12,Tamil,Standard,Wallet,Monthly,Yes, ₹ 310.38 ," ₹ 7,318.92 ",0,0,1,Yes,1612  min,374.9  min,32,33.5,15  days,2023-12-28,4  days,66.2  %,3  nos,Thriller,22,5,4,Smart TV,1,0,1,4G,2,4,9,18,10,0,0,N/A
CUST00432,Amazon Prime,31,25-34,Female,Ahmedabad,53,2019-08-24,Marathi,Premium,Debit Card,Monthly,Yes, ₹ 507.54 ," ₹ 23,331.61 ",1,0,0,No,638  min,148.4  min,7,21.6,18  days,2023-12-21,11  days,36.9  %,21  nos,Reality,9,6,3,Laptop,4,0,0,4G,0,4,7,20,7,0,0,N/A
CUST00433,Netflix,28,25-34,Male,Pune,13,2022-11-11,English,Premium,UPI,Annual,Yes, ₹ 480.71 ," ₹ 5,323.83 ",1,0,0,No,762  min,177.2  min,11,59.8,24  days,2024-01-01,0  days,73.7  %,19  nos,Drama,9,3,5,Mobile,4,0,1,4G,1,4,4,20,1,0,0,N/A
CUST00434,Netflix,38,35-44,Male,Lucknow,7,2023-05-08,Tamil,Basic,Wallet,Monthly,Yes, ₹ 159.58 ," ₹ 1,115.50 ",0,0,1,Yes,781  min,181.6  min,17,36.5,2  days,2023-12-25,7  days,84.3  %,22  nos,Documentary,7,5,2,Laptop,2,1,1,WiFi,1,2,10,29,4,23.2,0,N/A
CUST00435,JioHotstar,26,25-34,Male,Pune,25,2021-12-03,Malayalam,Premium,Wallet,Annual,Yes, ₹ 526.45 ," ₹ 11,478.01 ",0,0,0,No,392  min,91.2  min,0,24.8,23  days,2023-12-26,6  days,58.1  %,38  nos,Drama,17,8,1,Mobile,6,0,0,4G,1,3,4,0,9,0,0,N/A
CUST00436,Netflix,37,35-44,Male,Mumbai,57,2019-04-07,English,Standard,UPI,Monthly,Yes, ₹ 331.04 ," ₹ 16,964.30 ",0,0,0,No,231  min,53.7  min,12,43.3,23  days,2023-12-27,5  days,67.9  %,12  nos,Reality,17,8,3,Mobile,2,2,0,WiFi,1,1,7,27,7,0,0,N/A
CUST00437,SonyLiv,29,25-34,Female,Chennai,21,2022-04-10,Malayalam,Standard,UPI,Monthly,No, ₹ 322.34 ," ₹ 6,308.79 ",0,1,1,No,703  min,163.5  min,8,73.9,10  days,2024-01-01,0  days,74.5  %,61  nos,Action,11,7,6,Desktop,3,0,1,5G,0,4,5,15,13,0,1,Technical Issues
CUST00438,SonyLiv,31,25-34,Male,Mumbai,3,2023-09-26,Tamil,Standard,UPI,Monthly,Yes, ₹ 295.17 , ₹ 817.97 ,0,0,2,Yes,447  min,104  min,16,47.8,10  days,2024-01-01,0  days,70.7  %,74  nos,Documentary,16,4,3,Smart TV,3,0,1,WiFi,1,2,9,32,12,0,0,N/A
CUST00439,JioHotstar,43,35-44,Female,Lucknow,33,2021-04-14,Malayalam,Standard,UPI,Monthly,Yes, ₹ 308.74 ," ₹ 9,563.43 ",0,0,1,No,1329  min,309.1  min,10,19.8,14  days,2024-01-01,0  days,79.3  %,51  nos,Horror,22,5,6,Laptop,6,2,1,WiFi,1,3,8,35,10,0,0,N/A
CUST00440,JioHotstar,36,35-44,Male,Hyderabad,24,2021-12-18,Hindi,Premium,Debit Card,Monthly,Yes, ₹ 508.21 ," ₹ 12,182.30 ",1,0,1,No,346  min,80.5  min,1,75.2,17  days,2023-12-31,1  days,88.8  %,66  nos,Action,18,3,5,Laptop,2,2,0,WiFi,1,4,6,15,15,0,0,N/A
CUST00441,JioHotstar,18,18-24,Female,Delhi,60,2019-01-18,Bengali,Basic,UPI,Monthly,Yes, ₹ 142.30 ," ₹ 8,099.70 ",0,0,0,No,621  min,144.4  min,4,47.6,12  days,2023-12-20,12  days,47.7  %,56  nos,Sports,20,9,3,Tablet,4,1,0,WiFi,1,3,4,13,13,64.3,0,N/A
CUST00442,JioHotstar,43,35-44,Non-Binary,Pune,39,2020-09-20,Kannada,Standard,UPI,Monthly,Yes, ₹ 308.85 ," ₹ 10,610.41 ",0,0,0,No,1015  min,236  min,31,34.2,18  days,2023-12-26,6  days,87.2  %,51  nos,Horror,21,7,1,Mobile,5,1,0,WiFi,0,2,5,42,2,0,0,N/A
CUST00443,Netflix,24,18-24,Female,Delhi,58,2019-03-17,Gujarati,Basic,UPI,Monthly,Yes, ₹ 133.62 ," ₹ 7,522.81 ",0,0,1,No,667  min,155.1  min,33,50.4,19  days,2023-12-09,23  days,79.5  %,3  nos,Drama,18,3,4,Laptop,2,3,0,4G,2,5,4,17,15,46.4,0,N/A
CUST00444,Netflix,25,25-34,Female,Jaipur,33,2021-04-03,Kannada,Basic,UPI,Quarterly,Yes, ₹ 142.77 ," ₹ 4,572.98 ",1,0,0,No,1236  min,287.4  min,4,44.3,13  days,2024-01-01,0  days,84.4  %,14  nos,Sports,16,2,1,Mobile,2,0,0,WiFi,1,2,1,15,15,39.9,0,N/A
CUST00445,Amazon Prime,33,25-34,Female,Jaipur,13,2022-11-28,Hindi,Standard,Debit Card,Monthly,Yes, ₹ 341.64 ," ₹ 4,215.35 ",0,0,0,No,1621  min,377  min,8,58.8,21  days,2023-12-27,5  days,56.7  %,21  nos,Sci-Fi,14,5,5,Mobile,2,2,0,4G,1,2,6,50,7,0,0,N/A
CUST00446,SonyLiv,49,45-54,Female,Lucknow,50,2019-11-05,Hindi,Standard,Credit Card,Monthly,Yes, ₹ 281.14 ," ₹ 13,393.45 ",1,0,2,No,344  min,80  min,14,32.7,21  days,2023-12-31,1  days,79.1  %,22  nos,Documentary,4,4,3,Smart TV,4,1,2,5G,4,3,5,27,5,0,0,N/A
CUST00447,JioHotstar,32,25-34,Female,Kolkata,57,2019-04-21,Bengali,Standard,UPI,Quarterly,Yes, ₹ 275.63 ," ₹ 13,621.89 ",0,0,0,Yes,325  min,75.6  min,28,38.8,9  days,2024-01-01,0  days,61.7  %,48  nos,Thriller,24,10,3,Laptop,2,2,1,WiFi,1,3,1,41,13,0,0,N/A
CUST00448,ZEE5,27,25-34,Male,Mumbai,14,2022-10-15,Tamil,Basic,UPI,Annual,Yes, ₹ 154.24 ," ₹ 2,013.83 ",0,0,0,No,915  min,212.8  min,27,14.1,17  days,2023-12-18,14  days,64.8  %,38  nos,Action,16,7,3,Desktop,3,2,0,4G,1,3,9,34,3,26.6,1,Financial Constraint
CUST00449,Netflix,23,18-24,Female,Delhi,28,2021-08-21,Marathi,Premium,UPI,Monthly,No, ₹ 472.11 ," ₹ 12,907.28 ",0,0,0,Yes,798  min,185.6  min,14,48.7,12  days,2023-12-31,1  days,70  %,31  nos,Reality,35,4,3,Laptop,2,2,1,5G,1,4,10,28,10,0,0,N/A
CUST00450,SonyLiv,18,18-24,Female,Jaipur,18,2022-07-05,Malayalam,Premium,UPI,Monthly,No, ₹ 541.00 ," ₹ 8,758.29 ",0,0,1,No,1783  min,414.7  min,19,65,14  days,2023-12-10,22  days,72.8  %,24  nos,Documentary,28,5,6,Laptop,3,0,0,4G,1,2,7,21,4,0,0,N/A
CUST00451,Netflix,26,25-34,Male,Chennai,19,2022-05-19,Malayalam,Standard,UPI,Monthly,Yes, ₹ 339.90 ," ₹ 6,167.12 ",0,0,0,Yes,990  min,230.2  min,27,25.6,5  days,2023-12-21,11  days,65.8  %,60  nos,Sports,5,9,6,Smart TV,5,1,2,4G,1,3,3,30,4,0,0,N/A
CUST00452,SonyLiv,36,35-44,Female,Hyderabad,33,2021-04-03,Marathi,Premium,UPI,Annual,Yes, ₹ 482.34 ," ₹ 15,538.72 ",1,0,0,No,1368  min,318.1  min,9,31.1,18  days,2023-12-26,6  days,88.7  %,56  nos,Action,10,5,0,Laptop,3,0,1,4G,2,3,6,34,0,0,0,N/A
CUST00453,JioHotstar,48,45-54,Male,Hyderabad,56,2019-05-14,English,Standard,UPI,Monthly,Yes, ₹ 309.50 ," ₹ 17,229.95 ",0,1,0,No,1443  min,335.6  min,30,72.7,9  days,2023-12-16,16  days,8.6  %,29  nos,Romance,18,7,7,Mobile,3,1,1,5G,0,3,9,30,11,0,0,N/A
CUST00454,Amazon Prime,36,35-44,Female,Bangalore,30,2021-06-17,Marathi,Premium,Net Banking,Monthly,Yes, ₹ 501.03 ," ₹ 14,729.78 ",0,1,0,No,944  min,219.5  min,9,68.3,12  days,2023-12-31,1  days,75.6  %,40  nos,Sci-Fi,16,4,1,Smart TV,2,0,0,WiFi,2,3,0,15,5,0,0,N/A
CUST00455,JioHotstar,40,35-44,Female,Delhi,57,2019-04-19,Tamil,Premium,Debit Card,Monthly,Yes, ₹ 516.51 ," ₹ 28,617.14 ",0,1,1,No,553  min,128.6  min,5,22.1,23  days,2023-12-26,6  days,61.9  %,44  nos,Sci-Fi,10,2,5,Laptop,1,0,0,4G,1,3,8,25,11,0,0,N/A
CUST00456,Netflix,30,25-34,Male,Bangalore,1,2023-11-26,Kannada,Basic,Credit Card,Quarterly,Yes, ₹ 168.62 , ₹ 149.64 ,0,1,0,No,1377  min,320.2  min,7,23.6,10  days,2023-12-25,7  days,66.5  %,27  nos,Comedy,7,4,1,Laptop,2,3,1,4G,2,3,1,33,4,48.3,0,N/A
CUST00457,Amazon Prime,38,35-44,Male,Bangalore,18,2022-06-17,Tamil,Premium,UPI,Annual,Yes, ₹ 510.80 ," ₹ 8,386.90 ",1,0,0,Yes,1104  min,256.7  min,20,26.3,16  days,2023-12-19,13  days,64.4  %,44  nos,Documentary,28,10,4,Tablet,1,2,0,5G,1,3,4,20,6,0,0,N/A
CUST00458,ZEE5,29,25-34,Female,Lucknow,43,2020-05-28,Telugu,Family,Wallet,Monthly,Yes, ₹ 667.44 ," ₹ 25,121.42 ",1,0,2,No,848  min,197.2  min,18,64.7,18  days,2023-12-29,3  days,57.8  %,51  nos,Documentary,13,12,2,Smart TV,3,1,0,WiFi,0,3,4,18,4,0,0,N/A
CUST00459,Netflix,28,25-34,Female,Mumbai,50,2019-11-22,Gujarati,Standard,UPI,Monthly,Yes, ₹ 297.98 ," ₹ 12,929.01 ",0,0,0,No,699  min,162.6  min,16,15.7,21  days,2023-12-23,9  days,46.8  %,66  nos,Thriller,15,3,4,Tablet,2,2,0,5G,0,3,7,32,0,0,0,N/A
CUST00460,JioHotstar,32,25-34,Male,Pune,59,2019-02-13,Telugu,Standard,Wallet,Monthly,Yes, ₹ 347.72 ," ₹ 18,725.50 ",2,0,0,No,365  min,84.9  min,17,72.4,13  days,2024-01-01,0  days,68.3  %,34  nos,Comedy,16,4,5,Mobile,3,1,0,3G,0,3,7,32,16,0,0,N/A
CUST00461,Amazon Prime,36,35-44,Male,Lucknow,47,2020-01-31,Malayalam,Basic,Credit Card,Annual,No, ₹ 149.01 ," ₹ 6,370.59 ",0,1,0,Yes,837  min,194.7  min,25,36.5,22  days,2023-12-23,9  days,45.8  %,47  nos,Documentary,3,2,3,Laptop,3,3,0,4G,2,3,9,11,12,42.7,0,N/A
CUST00462,Netflix,29,25-34,Male,Hyderabad,17,2022-08-09,Malayalam,Family,Wallet,Annual,No, ₹ 627.12 ," ₹ 10,018.55 ",0,0,0,No,925  min,215.1  min,25,30.1,8  days,2023-12-30,2  days,55.7  %,64  nos,Action,16,4,3,Mobile,0,0,0,4G,0,3,3,22,11,0,0,N/A
CUST00463,ZEE5,33,25-34,Female,Bangalore,39,2020-10-13,Hindi,Standard,UPI,Monthly,No, ₹ 325.23 ," ₹ 12,451.66 ",0,0,0,Yes,443  min,103  min,24,47,5  days,2023-12-30,2  days,41.2  %,51  nos,Horror,32,3,2,Laptop,1,1,0,WiFi,0,3,7,27,11,0,0,N/A
CUST00464,Amazon Prime,25,25-34,Non-Binary,Ahmedabad,60,2019-01-12,Bengali,Premium,UPI,Monthly,No, ₹ 497.58 ," ₹ 28,121.42 ",0,0,0,No,516  min,120  min,16,41,5  days,2023-12-30,2  days,15.4  %,17  nos,Romance,20,3,5,Smart TV,3,1,0,WiFi,1,3,8,44,9,0,0,N/A
CUST00465,JioHotstar,24,18-24,Male,Bangalore,38,2020-10-20,Malayalam,Basic,UPI,Monthly,Yes, ₹ 115.06 ," ₹ 3,887.10 ",0,0,0,No,1316  min,306  min,18,92.1,19  days,2023-12-30,2  days,20.1  %,28  nos,Documentary,0,4,0,Mobile,5,1,0,5G,1,2,8,7,11,54.4,0,N/A
CUST00466,Amazon Prime,43,35-44,Non-Binary,Jaipur,34,2021-03-14,Malayalam,Standard,UPI,Annual,Yes, ₹ 278.17 ," ₹ 8,171.87 ",0,0,1,No,965  min,224.4  min,18,61.3,9  days,2023-12-31,1  days,71.6  %,21  nos,Comedy,8,4,3,Laptop,1,3,0,4G,0,3,0,25,7,0,0,N/A
CUST00467,JioHotstar,44,35-44,Female,Chennai,40,2020-08-24,Hindi,Standard,Debit Card,Monthly,Yes, ₹ 302.34 ," ₹ 11,673.20 ",0,3,1,No,1130  min,262.8  min,9,10.5,16  days,2023-12-27,5  days,74.5  %,0  nos,Horror,23,5,1,Mobile,4,1,1,4G,0,3,6,9,1,0,0,N/A
CUST00468,Amazon Prime,31,25-34,Female,Delhi,58,2019-03-24,Marathi,Basic,UPI,Annual,Yes, ₹ 133.04 ," ₹ 7,084.42 ",0,0,0,No,1438  min,334.4  min,16,80.4,6  days,2023-12-20,12  days,66.6  %,44  nos,Reality,19,2,5,Laptop,3,0,0,WiFi,1,3,5,39,11,40.3,1,Found Alternative
CUST00469,Amazon Prime,31,25-34,Female,Lucknow,9,2023-03-13,Telugu,Premium,UPI,Monthly,No, ₹ 477.82 ," ₹ 4,135.12 ",1,0,0,No,27  min,6.3  min,21,43.3,25  days,2023-12-26,6  days,89.7  %,52  nos,Reality,27,9,6,Mobile,3,3,0,WiFi,0,3,5,31,7,0,1,Poor UX
CUST00470,SonyLiv,28,25-34,Male,Chennai,12,2023-01-03,Kannada,Premium,UPI,Annual,Yes, ₹ 497.50 ," ₹ 5,182.50 ",0,1,0,No,818  min,190.2  min,14,62.1,15  days,2023-12-27,5  days,65.2  %,49  nos,Documentary,25,7,3,Laptop,1,1,2,5G,0,5,7,33,2,0,0,N/A
CUST00471,JioHotstar,44,35-44,Male,Delhi,57,2019-04-03,Marathi,Standard,Credit Card,Annual,Yes, ₹ 308.01 ," ₹ 16,405.89 ",0,1,0,No,852  min,198.1  min,11,68.8,20  days,2023-12-29,3  days,85.6  %,48  nos,Documentary,29,3,6,Laptop,3,2,1,4G,0,4,3,58,7,0,0,N/A
CUST00472,Amazon Prime,41,35-44,Male,Hyderabad,32,2021-04-27,Telugu,Standard,Net Banking,Annual,Yes, ₹ 313.55 ," ₹ 9,502.66 ",0,0,0,Yes,42  min,9.8  min,18,32.4,14  days,2023-12-29,3  days,76.6  %,0  nos,Sci-Fi,0,6,2,Smart TV,4,0,0,5G,1,2,4,24,11,0,0,N/A
CUST00473,Netflix,35,35-44,Male,Kolkata,58,2019-03-15,Telugu,Standard,UPI,Monthly,Yes, ₹ 351.96 ," ₹ 17,489.71 ",0,0,0,Yes,1081  min,251.4  min,23,42.6,4  days,2023-12-31,1  days,67  %,70  nos,Documentary,0,4,0,Smart TV,1,0,1,4G,2,3,8,6,0,0,0,N/A
CUST00474,SonyLiv,28,25-34,Male,Lucknow,6,2023-06-18,Gujarati,Basic,Net Banking,Monthly,No, ₹ 131.22 , ₹ 768.77 ,0,0,0,Yes,748  min,174  min,24,51.7,7  days,2023-12-04,28  days,49.6  %,21  nos,Documentary,0,9,2,Tablet,2,4,0,WiFi,2,3,8,30,11,41.1,0,N/A
CUST00475,Amazon Prime,24,18-24,Female,Lucknow,56,2019-05-23,Bengali,Standard,UPI,Annual,Yes, ₹ 333.27 ," ₹ 16,082.63 ",0,0,1,No,1067  min,248.1  min,16,73.6,15  days,2023-12-31,1  days,81.9  %,32  nos,Romance,15,6,2,Tablet,5,2,0,WiFi,1,2,3,39,3,0,0,N/A
CUST00476,Netflix,28,25-34,Male,Bangalore,45,2020-03-29,Malayalam,Standard,Credit Card,Quarterly,No, ₹ 292.70 ," ₹ 12,629.98 ",0,1,1,No,758  min,176.3  min,13,95.9,24  days,2023-12-31,1  days,60  %,24  nos,Reality,16,6,6,Mobile,1,0,0,4G,1,4,8,47,10,0,0,N/A
CUST00477,Amazon Prime,29,25-34,Male,Bangalore,10,2023-03-01,Hindi,Basic,UPI,Quarterly,Yes, ₹ 165.70 ," ₹ 1,415.11 ",1,0,0,No,882  min,205.1  min,16,30.7,17  days,2023-12-28,4  days,83.3  %,26  nos,Comedy,21,4,4,Smart TV,2,1,0,WiFi,0,4,2,19,10,29.4,0,N/A
CUST00478,SonyLiv,18,18-24,Male,Kolkata,53,2019-08-09,Malayalam,Basic,Credit Card,Monthly,No, ₹ 206.48 ," ₹ 10,514.65 ",2,1,0,No,834  min,194  min,2,23.6,19  days,2023-12-29,3  days,54.5  %,77  nos,Sci-Fi,19,1,4,Smart TV,5,0,0,5G,1,3,4,33,11,38.8,0,N/A
CUST00479,Netflix,32,25-34,Female,Pune,4,2023-08-20,Marathi,Basic,Debit Card,Annual,No, ₹ 130.53 , ₹ 510.26 ,0,0,1,No,858  min,199.5  min,13,27.2,18  days,2023-12-27,5  days,42.9  %,56  nos,Reality,31,7,2,Laptop,1,1,0,3G,2,4,1,28,0,29.2,1,Content
CUST00480,Amazon Prime,41,35-44,Female,Ahmedabad,16,2022-08-15,Hindi,Standard,Credit Card,Monthly,Yes, ₹ 277.81 ," ₹ 4,373.54 ",0,0,1,No,0  min,0  min,16,5,13  days,2023-12-30,2  days,100  %,39  nos,Sci-Fi,26,8,4,Mobile,4,1,3,4G,0,4,2,5,9,0,0,N/A
CUST00481,Amazon Prime,28,25-34,Male,Bangalore,20,2022-04-22,Telugu,Standard,Credit Card,Monthly,Yes, ₹ 316.51 ," ₹ 6,031.07 ",1,1,0,No,775  min,180.2  min,21,5,21  days,2024-01-01,0  days,34.8  %,11  nos,Sci-Fi,22,2,1,Mobile,3,1,1,WiFi,1,3,8,55,6,0,0,N/A
CUST00482,ZEE5,40,35-44,Female,Hyderabad,55,2019-06-16,Malayalam,Premium,UPI,Quarterly,Yes, ₹ 484.09 ," ₹ 25,623.54 ",1,0,0,No,777  min,180.7  min,22,6.4,17  days,2023-12-25,7  days,61.1  %,51  nos,Comedy,14,6,6,Mobile,2,0,2,WiFi,3,4,2,17,8,0,0,N/A
CUST00483,SonyLiv,24,18-24,Female,Ahmedabad,21,2022-03-21,Telugu,Basic,UPI,Monthly,No, ₹ 166.20 ," ₹ 3,153.59 ",0,2,2,Yes,636  min,147.9  min,11,72.1,28  days,2023-12-28,4  days,77.2  %,30  nos,Sports,17,4,2,Mobile,5,3,0,WiFi,0,2,6,28,5,50.7,1,Found Alternative
CUST00484,Netflix,18,18-24,Male,Kolkata,24,2022-01-05,Marathi,Premium,Net Banking,Quarterly,No, ₹ 494.11 ," ₹ 11,597.88 ",0,0,0,No,1122  min,260.9  min,3,31.1,18  days,2023-12-25,7  days,72.9  %,21  nos,Reality,15,4,4,Laptop,2,2,2,4G,1,4,7,34,3,0,0,N/A
CUST00485,Amazon Prime,26,25-34,Male,Delhi,8,2023-04-30,English,Premium,UPI,Monthly,Yes, ₹ 521.40 ," ₹ 4,090.41 ",0,0,0,No,1448  min,336.7  min,0,29.4,10  days,2023-12-29,3  days,97.3  %,0  nos,Comedy,16,7,3,Laptop,2,2,1,4G,3,3,5,22,12,0,0,N/A
CUST00486,Amazon Prime,30,25-34,Female,Bangalore,45,2020-04-16,Marathi,Standard,UPI,Annual,Yes, ₹ 322.67 ," ₹ 13,247.64 ",0,0,1,No,856  min,199.1  min,12,59.6,14  days,2023-12-25,7  days,77.1  %,39  nos,Thriller,6,4,2,Laptop,5,1,0,4G,0,3,3,33,6,0,0,N/A
CUST00487,Netflix,18,18-24,Male,Pune,25,2021-11-24,Telugu,Basic,Net Banking,Monthly,Yes, ₹ 160.02 ," ₹ 3,881.55 ",0,0,0,No,1043  min,242.6  min,34,24.1,11  days,2024-01-01,0  days,58.9  %,35  nos,Documentary,11,5,1,Tablet,3,0,1,3G,0,3,8,25,0,69.9,0,N/A
CUST00488,JioHotstar,26,25-34,Female,Ahmedabad,10,2023-02-07,Hindi,Premium,Debit Card,Monthly,Yes, ₹ 490.94 ," ₹ 4,468.77 ",2,0,1,No,845  min,196.5  min,24,63.7,4  days,2023-12-30,2  days,34.5  %,76  nos,Documentary,13,6,4,Mobile,2,1,1,4G,1,2,8,47,17,0,0,N/A
CUST00489,JioHotstar,18,18-24,Female,Mumbai,44,2020-05-18,Gujarati,Family,Credit Card,Annual,Yes, ₹ 626.80 ," ₹ 27,056.08 ",1,1,0,No,498  min,115.8  min,23,43.6,13  days,2023-12-26,6  days,90.7  %,79  nos,Horror,29,3,5,Tablet,1,0,1,WiFi,0,3,8,16,5,0,0,N/A
CUST00490,Amazon Prime,24,18-24,Female,Pune,31,2021-06-02,Telugu,Premium,Debit Card,Quarterly,Yes, ₹ 520.84 ," ₹ 14,560.30 ",1,0,1,No,1186  min,275.8  min,19,44.3,3  days,2023-12-22,10  days,77.8  %,14  nos,Documentary,7,7,2,Laptop,4,0,0,5G,0,2,7,28,7,0,1,Technical Issues
CUST00491,Amazon Prime,36,35-44,Female,Bangalore,36,2021-01-01,Gujarati,Basic,UPI,Quarterly,Yes, ₹ 135.17 ," ₹ 4,688.78 ",0,0,0,Yes,659  min,153.3  min,19,34,23  days,2023-12-30,2  days,88.8  %,43  nos,Action,28,3,2,Tablet,5,0,0,4G,0,4,4,40,4,63.8,0,N/A
CUST00492,SonyLiv,28,25-34,Male,Pune,35,2021-02-01,English,Premium,UPI,Monthly,Yes, ₹ 505.60 ," ₹ 15,370.25 ",1,0,0,No,1292  min,300.5  min,18,29.7,20  days,2023-12-25,7  days,54.8  %,29  nos,Drama,23,7,5,Smart TV,2,2,2,4G,1,3,3,18,0,0,0,N/A
CUST00493,Amazon Prime,22,18-24,Male,Lucknow,39,2020-09-30,Gujarati,Premium,UPI,Monthly,Yes, ₹ 465.19 ," ₹ 17,639.17 ",1,2,0,No,1277  min,297  min,14,50.1,19  days,2023-12-31,1  days,74.3  %,32  nos,Comedy,12,7,3,Laptop,3,2,0,4G,1,3,3,15,11,0,0,N/A
CUST00494,Amazon Prime,41,35-44,Female,Hyderabad,32,2021-05-16,English,Basic,Credit Card,Monthly,Yes, ₹ 149.36 ," ₹ 4,367.21 ",0,1,0,Yes,1890  min,439.5  min,20,35.2,25  days,2023-12-31,1  days,94.3  %,64  nos,Thriller,21,4,5,Smart TV,3,2,0,WiFi,0,4,6,23,13,29.2,0,N/A
CUST00495,JioHotstar,44,35-44,Female,Pune,60,2019-01-12,Bengali,Standard,Debit Card,Annual,Yes, ₹ 277.61 ," ₹ 16,526.23 ",1,1,0,No,424  min,98.6  min,16,26.3,11  days,2023-12-30,2  days,93.3  %,81  nos,Documentary,29,6,5,Laptop,1,0,1,WiFi,0,3,3,29,13,0,0,N/A
CUST00496,JioHotstar,23,18-24,Male,Jaipur,59,2019-01-30,Gujarati,Basic,UPI,Monthly,No, ₹ 174.63 ," ₹ 10,216.73 ",2,0,1,No,631  min,146.7  min,31,59.7,7  days,2023-12-28,4  days,100  %,40  nos,Drama,21,10,1,Smart TV,6,1,0,WiFi,0,2,3,13,2,48.4,1,Technical Issues
CUST00497,Netflix,25,25-34,Male,Hyderabad,21,2022-03-18,Marathi,Standard,Credit Card,Annual,Yes, ₹ 304.39 ," ₹ 5,998.71 ",0,0,3,Yes,1325  min,308.1  min,29,24.6,16  days,2023-12-29,3  days,43.9  %,0  nos,Romance,4,3,3,Tablet,1,0,0,WiFi,0,3,6,40,1,0,0,N/A
CUST00498,Amazon Prime,36,35-44,Male,Hyderabad,5,2023-07-17,Hindi,Standard,Debit Card,Quarterly,No, ₹ 318.19 ," ₹ 1,538.77 ",0,1,1,No,726  min,168.8  min,27,29.5,9  days,2023-12-14,18  days,79.3  %,71  nos,Reality,21,3,3,Mobile,4,0,0,WiFi,0,4,10,4,3,0,0,N/A
CUST00499,SonyLiv,18,18-24,Female,Bangalore,60,2019-01-23,Marathi,Basic,Debit Card,Quarterly,Yes, ₹ 148.43 ," ₹ 8,772.54 ",1,1,0,No,897  min,208.6  min,23,54.7,3  days,2023-12-30,2  days,57.9  %,12  nos,Action,9,1,2,Desktop,1,2,0,5G,3,3,6,18,15,25.6,0,N/A
CUST00500,JioHotstar,48,45-54,Female,Mumbai,40,2020-09-17,Bengali,Standard,UPI,Quarterly,Yes, ₹ 281.59 ," ₹ 10,619.39 ",0,0,0,No,921  min,214.2  min,13,54.6,22  days,2023-12-28,4  days,42.3  %,65  nos,Action,0,2,8,Desktop,2,1,0,4G,1,2,8,26,18,0,0,N/A
CUST00501,Amazon Prime,30,25-34,Male,Jaipur,13,2022-11-29,Hindi,Basic,UPI,Annual,No, ₹ 146.23 ," ₹ 1,781.10 ",3,1,0,Yes,0  min,0  min,19,39.7,4  days,2023-12-29,3  days,93.1  %,44  nos,Sports,22,4,5,Smart TV,0,7,0,WiFi,0,3,6,10,1,43.9,1,Financial Constraint
CUST00502,Netflix,27,25-34,Male,Pune,2,2023-10-14,Gujarati,Standard,UPI,Monthly,Yes, ₹ 295.68 , ₹ 517.57 ,0,0,0,Yes,756  min,175.8  min,7,74.6,18  days,2023-12-24,8  days,47.1  %,39  nos,Romance,3,4,6,Laptop,1,1,1,WiFi,0,3,3,18,0,0,0,N/A
CUST00503,JioHotstar,18,18-24,Male,Hyderabad,13,2022-11-26,Hindi,Premium,UPI,Monthly,Yes, ₹ 505.73 ," ₹ 6,468.98 ",0,0,0,No,969  min,225.3  min,28,53,12  days,2023-12-23,9  days,35.9  %,23  nos,Drama,23,10,2,Mobile,2,2,0,WiFi,1,3,3,34,8,0,0,N/A
CUST00504,Netflix,35,35-44,Female,Jaipur,27,2021-10-05,English,Basic,Credit Card,Quarterly,Yes, ₹ 149.14 ," ₹ 3,440.22 ",0,0,0,No,1156  min,268.8  min,0,79,16  days,2023-12-28,4  days,58.5  %,20  nos,Action,9,7,5,Mobile,3,3,0,3G,0,2,6,16,0,41.1,0,N/A
CUST00505,Netflix,33,25-34,Female,Bangalore,21,2022-03-19,Kannada,Standard,UPI,Monthly,No, ₹ 309.36 ," ₹ 5,660.81 ",1,0,1,No,630  min,146.5  min,22,71,21  days,2023-12-25,7  days,45.9  %,36  nos,Comedy,20,4,2,Laptop,6,0,0,4G,1,3,1,53,9,0,0,N/A
CUST00506,ZEE5,38,35-44,Male,Mumbai,56,2019-05-13,Malayalam,Family,Debit Card,Quarterly,Yes, ₹ 616.86 ," ₹ 29,674.34 ",2,1,0,No,217  min,50.5  min,10,69.2,8  days,2023-12-28,4  days,53.7  %,52  nos,Romance,0,2,6,Smart TV,4,0,3,5G,1,3,6,16,7,0,0,N/A
CUST00507,Amazon Prime,36,35-44,Female,Lucknow,58,2019-03-17,Gujarati,Basic,UPI,Monthly,Yes, ₹ 169.32 ," ₹ 8,479.63 ",1,1,1,No,313  min,72.8  min,16,63.6,17  days,2024-01-01,0  days,84.1  %,36  nos,Comedy,17,3,3,Laptop,6,3,0,3G,1,3,10,12,11,45.9,0,N/A
CUST00508,Netflix,29,25-34,Female,Hyderabad,47,2020-02-05,Marathi,Standard,Wallet,Annual,Yes, ₹ 294.48 ," ₹ 13,139.42 ",0,0,0,No,1269  min,295.1  min,27,81.3,23  days,2024-01-01,0  days,82.2  %,34  nos,Thriller,7,3,6,Smart TV,4,1,3,4G,0,3,6,25,11,0,0,N/A
CUST00509,JioHotstar,29,25-34,Female,Mumbai,42,2020-07-04,Malayalam,Basic,UPI,Monthly,Yes, ₹ 160.26 ," ₹ 6,424.48 ",1,0,0,No,1040  min,241.9  min,16,27,3  days,2024-01-01,0  days,59.1  %,51  nos,Documentary,18,4,5,Smart TV,1,1,1,4G,1,3,5,43,9,8,0,N/A
CUST00510,Netflix,20,18-24,Male,Ahmedabad,46,2020-02-25,English,Standard,UPI,Annual,Yes, ₹ 332.46 ," ₹ 13,405.65 ",1,0,0,No,1490  min,346.5  min,26,70.5,7  days,2023-12-29,3  days,75.8  %,31  nos,Action,11,5,0,Mobile,2,0,1,WiFi,1,4,6,31,15,0,0,N/A
CUST00511,Netflix,25,25-34,Female,Kolkata,47,2020-02-08,Marathi,Basic,UPI,Quarterly,No, ₹ 119.23 ," ₹ 4,949.13 ",0,0,0,No,980  min,227.9  min,22,46.2,22  days,2023-12-31,1  days,68.6  %,15  nos,Horror,0,6,2,Mobile,0,0,0,4G,0,4,2,23,4,44.5,0,N/A
CUST00512,JioHotstar,29,25-34,Male,Pune,8,2023-04-19,Bengali,Standard,Credit Card,Quarterly,Yes, ₹ 288.30 ," ₹ 2,156.15 ",2,0,1,No,814  min,189.3  min,16,16.7,29  days,2023-12-27,5  days,58  %,37  nos,Reality,8,2,3,Mobile,1,1,0,4G,0,4,5,34,0,0,0,N/A
CUST00513,Netflix,18,18-24,Female,Chennai,36,2020-12-26,Bengali,Basic,Debit Card,Annual,Yes, ₹ 139.34 ," ₹ 4,664.81 ",0,1,1,No,652  min,151.6  min,23,44.3,12  days,2023-12-27,5  days,47.4  %,50  nos,Sports,15,1,2,Tablet,6,3,0,WiFi,1,3,6,21,9,15.5,0,N/A
CUST00514,JioHotstar,27,25-34,Female,Hyderabad,30,2021-06-30,Kannada,Basic,Net Banking,Monthly,Yes, ₹ 109.76 ," ₹ 3,173.78 ",0,1,1,No,888  min,206.5  min,17,46.7,12  days,2023-12-30,2  days,48.1  %,30  nos,Thriller,4,2,3,Mobile,3,3,0,5G,2,2,5,24,13,54.2,0,N/A
CUST00515,Amazon Prime,47,45-54,Male,Hyderabad,6,2023-06-18,Hindi,Family,UPI,Quarterly,No, ₹ 613.88 ," ₹ 3,637.42 ",1,0,0,Yes,1320  min,307  min,11,53.9,20  days,2023-12-31,1  days,63.7  %,51  nos,Horror,6,5,0,Mobile,3,0,0,4G,2,5,4,19,10,0,0,N/A
CUST00516,Amazon Prime,26,25-34,Female,Lucknow,55,2019-06-14,Marathi,Premium,UPI,Monthly,No, ₹ 466.57 ," ₹ 25,016.68 ",0,0,0,No,997  min,231.9  min,21,45.2,11  days,2023-12-19,13  days,46.8  %,34  nos,Sports,24,6,3,Laptop,3,0,1,5G,1,3,6,15,6,0,0,N/A
CUST00517,JioHotstar,21,18-24,Female,Ahmedabad,40,2020-09-03,English,Basic,UPI,Monthly,Yes, ₹ 124.55 ," ₹ 4,868.18 ",0,1,0,Yes,294  min,68.4  min,2,47.2,0  days,2023-12-24,8  days,75  %,50  nos,Comedy,15,4,6,Mobile,2,0,0,5G,2,3,8,25,0,25,1,Found Alternative
CUST00518,Amazon Prime,39,35-44,Male,Mumbai,39,2020-10-13,Hindi,Basic,Credit Card,Monthly,No, ₹ 125.58 ," ₹ 4,334.23 ",0,0,1,No,919  min,213.7  min,12,54.9,5  days,2023-12-28,4  days,31.3  %,54  nos,Reality,25,7,2,Mobile,2,0,0,WiFi,0,3,0,18,15,40.3,0,N/A
CUST00519,SonyLiv,20,18-24,Female,Hyderabad,45,2020-04-08,Hindi,Standard,Credit Card,Monthly,Yes, ₹ 319.34 ," ₹ 13,497.68 ",0,1,0,Yes,1713  min,398.4  min,24,58.7,8  days,2023-12-27,5  days,59.3  %,43  nos,Thriller,31,2,3,Tablet,5,2,1,WiFi,1,5,6,26,11,0,0,N/A
CUST00520,Amazon Prime,29,25-34,Male,Lucknow,31,2021-06-05,Tamil,Basic,UPI,Monthly,Yes, ₹ 172.53 ," ₹ 4,895.83 ",1,0,0,No,546  min,127  min,29,49.3,13  days,2023-12-28,4  days,36.4  %,49  nos,Horror,9,6,2,Mobile,3,1,1,5G,1,3,8,29,10,41.9,0,N/A
CUST00521,Netflix,22,18-24,Male,Hyderabad,20,2022-04-15,Marathi,Family,Debit Card,Quarterly,Yes, ₹ 673.23 ," ₹ 11,924.36 ",1,1,0,No,1219  min,283.5  min,29,28.9,11  days,2024-01-01,0  days,63.8  %,45  nos,Sports,15,4,2,Tablet,4,0,1,WiFi,2,2,8,21,11,0,1,Price
CUST00522,ZEE5,33,25-34,Female,Hyderabad,13,2022-11-10,Malayalam,Premium,Wallet,Quarterly,Yes, ₹ 495.56 ," ₹ 6,034.88 ",0,1,1,No,435  min,101.2  min,29,36.5,6  days,2023-12-28,4  days,36.6  %,38  nos,Reality,16,3,3,Mobile,3,0,0,WiFi,2,2,8,31,17,0,1,Infrequent Usage
CUST00523,ZEE5,36,35-44,Male,Mumbai,44,2020-05-03,Telugu,Premium,Credit Card,Monthly,Yes, ₹ 459.27 ," ₹ 19,505.70 ",0,0,0,No,1233  min,286.7  min,12,37.6,20  days,2023-12-30,2  days,56.2  %,25  nos,Documentary,20,3,4,Mobile,0,1,1,WiFi,1,2,6,27,11,0,0,N/A
CUST00524,Amazon Prime,34,25-34,Male,Mumbai,38,2020-10-22,English,Basic,Credit Card,Quarterly,No, ₹ 122.99 ," ₹ 4,224.89 ",0,0,0,No,1307  min,304  min,32,52.9,5  days,2024-01-01,0  days,86.1  %,82  nos,Thriller,22,8,4,Mobile,3,1,0,WiFi,0,3,5,20,9,58,0,N/A
CUST00525,JioHotstar,20,18-24,Male,Jaipur,17,2022-07-17,Tamil,Basic,UPI,Monthly,Yes, ₹ 158.77 ," ₹ 2,630.85 ",2,2,1,Yes,799  min,185.8  min,16,38.6,17  days,2023-12-15,17  days,36.5  %,50  nos,Drama,0,5,4,Mobile,1,2,0,WiFi,0,3,3,32,6,0,0,N/A
CUST00526,Amazon Prime,48,45-54,Male,Bangalore,36,2020-12-18,Kannada,Premium,UPI,Monthly,No, ₹ 519.27 ," ₹ 18,118.60 ",0,0,1,Yes,1509  min,350.9  min,16,48,11  days,2023-12-24,8  days,54.7  %,19  nos,Documentary,1,7,2,Laptop,7,2,1,WiFi,1,4,5,2,13,0,0,N/A
CUST00527,JioHotstar,18,18-24,Female,Lucknow,41,2020-08-17,Telugu,Premium,UPI,Monthly,Yes, ₹ 459.32 ," ₹ 17,785.41 ",0,1,0,No,1110  min,258.1  min,23,50,13  days,2023-12-23,9  days,65.4  %,39  nos,Comedy,17,6,0,Tablet,3,1,0,3G,0,4,6,18,2,0,0,N/A
CUST00528,Netflix,36,35-44,Male,Ahmedabad,54,2019-06-27,English,Basic,Credit Card,Annual,No, ₹ 146.42 ," ₹ 7,164.56 ",0,0,0,No,1023  min,237.9  min,18,42,0  days,2023-12-30,2  days,59.5  %,39  nos,Comedy,18,2,7,Mobile,3,0,2,WiFi,0,3,6,30,16,4.5,0,N/A
CUST00529,JioHotstar,19,18-24,Male,Kolkata,40,2020-08-29,Kannada,Standard,UPI,Quarterly,Yes, ₹ 250.16 ," ₹ 9,848.63 ",1,0,0,No,563  min,130.9  min,14,31,6  days,2024-01-01,0  days,90.1  %,79  nos,Thriller,16,2,2,Mobile,3,1,0,WiFi,0,2,3,44,6,0,0,N/A
CUST00530,JioHotstar,18,18-24,Female,Hyderabad,18,2022-06-29,Gujarati,Basic,Net Banking,Monthly,Yes, ₹ 173.20 ," ₹ 2,757.60 ",0,0,1,Yes,777  min,180.7  min,32,27.9,14  days,2024-01-01,0  days,51  %,41  nos,Sports,11,6,7,Smart TV,3,1,0,WiFi,0,4,7,54,13,39.1,0,N/A
CUST00531,Amazon Prime,38,35-44,Female,Hyderabad,19,2022-05-22,Kannada,Basic,Credit Card,Monthly,Yes, ₹ 144.95 ," ₹ 2,713.35 ",1,1,1,No,448  min,104.2  min,27,61.9,3  days,2023-12-23,9  days,69.9  %,76  nos,Sports,9,6,1,Smart TV,6,2,1,4G,0,3,8,36,3,56.4,0,N/A
CUST00532,ZEE5,39,35-44,Male,Delhi,25,2021-11-25,Hindi,Standard,Credit Card,Quarterly,Yes, ₹ 297.95 ," ₹ 7,164.07 ",0,1,0,No,310  min,72.1  min,22,57.9,23  days,2024-01-01,0  days,43.8  %,41  nos,Romance,22,10,2,Mobile,5,2,1,4G,3,3,5,46,0,0,1,Financial Constraint
CUST00533,JioHotstar,18,18-24,Female,Kolkata,1,2023-11-15,Bengali,Basic,Credit Card,Annual,No, ₹ 164.63 , ₹ 160.23 ,2,0,1,No,376  min,87.4  min,3,20.6,9  days,2023-12-29,3  days,87.2  %,57  nos,Action,9,1,6,Smart TV,4,1,1,4G,1,4,4,43,15,33.7,0,N/A
CUST00534,Netflix,26,25-34,Male,Chennai,50,2019-11-12,Telugu,Standard,Debit Card,Annual,No, ₹ 293.25 ," ₹ 14,052.20 ",0,0,2,No,1577  min,366.7  min,24,48.8,26  days,2024-01-01,0  days,91.4  %,4  nos,Drama,23,4,2,Mobile,4,0,0,WiFi,1,4,3,53,1,0,0,N/A
CUST00535,JioHotstar,26,25-34,Male,Ahmedabad,59,2019-02-20,Gujarati,Basic,UPI,Annual,Yes, ₹ 171.68 ," ₹ 9,730.75 ",0,1,1,No,1287  min,299.3  min,24,36.5,11  days,2023-12-30,2  days,81.2  %,63  nos,Horror,13,6,4,Mobile,4,1,1,WiFi,0,3,6,19,9,23.1,0,N/A
CUST00536,Amazon Prime,30,25-34,Female,Jaipur,21,2022-03-29,Marathi,Standard,Debit Card,Monthly,Yes, ₹ 341.87 ," ₹ 7,154.76 ",0,0,1,No,1024  min,238.1  min,19,43.9,16  days,2024-01-01,0  days,72.9  %,37  nos,Reality,15,5,3,Smart TV,1,2,0,4G,0,2,3,41,10,0,0,N/A
CUST00537,SonyLiv,53,45-54,Non-Binary,Chennai,27,2021-09-23,English,Standard,UPI,Monthly,Yes, ₹ 284.26 ," ₹ 7,043.60 ",2,1,1,No,1667  min,387.7  min,16,25.6,12  days,2023-12-29,3  days,36.4  %,42  nos,Drama,3,4,3,Mobile,4,2,0,4G,0,3,6,30,4,0,1,Financial Constraint
CUST00538,JioHotstar,26,25-34,Male,Chennai,5,2023-07-13,Kannada,Basic,UPI,Quarterly,Yes, ₹ 133.80 , ₹ 574.42 ,0,0,0,No,553  min,128.6  min,30,17.1,11  days,2024-01-01,0  days,61.7  %,29  nos,Comedy,16,5,4,Mobile,5,1,2,5G,1,1,3,29,3,24.1,0,N/A
CUST00539,ZEE5,36,35-44,Male,Pune,33,2021-03-28,English,Standard,UPI,Monthly,No, ₹ 287.42 ," ₹ 8,502.83 ",2,0,0,No,1229  min,285.8  min,20,49.8,14  days,2023-12-27,5  days,55.5  %,29  nos,Sci-Fi,27,4,0,Mobile,5,2,2,4G,0,4,0,36,6,0,0,N/A
CUST00540,Netflix,45,45-54,Female,Ahmedabad,19,2022-05-17,Telugu,Basic,UPI,Monthly,Yes, ₹ 147.58 ," ₹ 2,723.08 ",2,1,0,No,897  min,208.6  min,27,54.7,9  days,2023-12-26,6  days,74.2  %,32  nos,Reality,23,5,4,Tablet,4,1,0,4G,1,2,8,47,18,57.7,0,N/A
CUST00541,JioHotstar,28,25-34,Male,Ahmedabad,24,2021-12-22,Bengali,Standard,UPI,Annual,Yes, ₹ 299.03 ," ₹ 6,293.53 ",2,0,3,No,781  min,181.6  min,25,27.7,0  days,2023-12-27,5  days,61.3  %,17  nos,Documentary,24,5,3,Smart TV,7,2,1,5G,3,2,7,20,7,0,1,Technical Issues
CUST00542,Amazon Prime,41,35-44,Female,Chennai,60,2019-01-15,Tamil,Basic,Debit Card,Monthly,No, ₹ 123.68 ," ₹ 7,084.69 ",1,0,0,No,806  min,187.4  min,0,73.9,13  days,2023-12-30,2  days,39.8  %,41  nos,Thriller,17,2,2,Tablet,2,2,1,WiFi,1,4,10,16,9,66,0,N/A
CUST00543,Netflix,46,45-54,Male,Delhi,35,2021-02-02,Marathi,Standard,UPI,Monthly,Yes, ₹ 260.00 ," ₹ 7,771.47 ",0,0,0,No,898  min,208.8  min,16,43.6,16  days,2023-12-05,27  days,75.2  %,54  nos,Sci-Fi,11,6,5,Mobile,7,2,1,4G,2,4,10,31,9,0,0,N/A
CUST00544,Amazon Prime,44,35-44,Male,Delhi,49,2019-12-11,Tamil,Standard,Net Banking,Monthly,Yes, ₹ 306.93 ," ₹ 14,020.85 ",0,0,0,Yes,500  min,116.3  min,22,26.1,25  days,2023-12-25,7  days,66.7  %,35  nos,Sci-Fi,20,12,1,Mobile,3,2,0,5G,0,3,5,40,6,0,0,N/A
CUST00545,Netflix,40,35-44,Male,Delhi,13,2022-12-05,Bengali,Basic,Net Banking,Monthly,Yes, ₹ 135.69 ," ₹ 1,502.34 ",1,0,0,No,1175  min,273.3  min,29,33.5,15  days,2023-12-26,6  days,53.6  %,64  nos,Sci-Fi,22,7,1,Mobile,7,1,0,WiFi,0,3,10,32,11,35.8,0,N/A
CUST00546,JioHotstar,30,25-34,Male,Mumbai,58,2019-03-25,Gujarati,Standard,Net Banking,Annual,Yes, ₹ 268.10 ," ₹ 13,936.49 ",1,1,0,Yes,0  min,0  min,5,37.8,14  days,2023-12-27,5  days,71.7  %,21  nos,Action,3,6,4,Mobile,5,1,2,WiFi,1,3,9,25,0,0,1,Content
CUST00547,ZEE5,41,35-44,Male,Mumbai,29,2021-07-22,Hindi,Family,Credit Card,Monthly,Yes, ₹ 663.79 ," ₹ 16,999.31 ",0,0,0,No,414  min,96.3  min,24,55.5,12  days,2023-12-31,1  days,100  %,41  nos,Comedy,27,6,2,Laptop,2,0,0,WiFi,1,2,4,47,7,0,0,N/A
CUST00548,SonyLiv,24,18-24,Male,Chennai,43,2020-06-01,Telugu,Family,Credit Card,Monthly,Yes, ₹ 672.38 ," ₹ 25,034.70 ",1,0,0,No,922  min,214.4  min,17,24.8,14  days,2023-12-26,6  days,72.1  %,57  nos,Action,19,6,3,Smart TV,4,0,1,WiFi,0,3,8,19,5,0,0,N/A
CUST00549,Amazon Prime,47,45-54,Male,Kolkata,45,2020-04-10,Marathi,Basic,UPI,Monthly,No, ₹ 145.73 ," ₹ 6,065.59 ",3,1,1,No,1295  min,301.2  min,25,65.3,0  days,2023-12-30,2  days,52.6  %,24  nos,Sports,17,3,2,Laptop,4,2,0,5G,0,2,5,11,7,10.9,0,N/A
CUST00550,Netflix,39,35-44,Male,Hyderabad,44,2020-05-19,Kannada,Premium,Wallet,Quarterly,Yes, ₹ 482.11 ," ₹ 20,052.56 ",0,0,0,No,628  min,146  min,20,66.6,25  days,2023-12-29,3  days,84  %,36  nos,Horror,9,9,7,Desktop,0,1,0,4G,0,2,5,33,0,0,1,Price
CUST00551,ZEE5,31,25-34,Male,Jaipur,44,2020-04-30,Telugu,Standard,Net Banking,Monthly,Yes, ₹ 314.85 ," ₹ 13,352.48 ",0,0,0,Yes,1297  min,301.6  min,14,30.6,19  days,2023-12-17,15  days,38.2  %,49  nos,Thriller,17,7,2,Laptop,6,0,1,4G,0,3,3,50,5,0,0,N/A
CUST00552,Netflix,20,18-24,Male,Kolkata,14,2022-10-15,Tamil,Standard,Debit Card,Monthly,No, ₹ 297.13 ," ₹ 4,152.68 ",0,1,1,No,644  min,149.8  min,21,48.1,18  days,2023-12-23,9  days,81.5  %,22  nos,Horror,10,4,2,Mobile,7,1,1,WiFi,0,4,1,39,11,0,0,N/A
CUST00553,Netflix,43,35-44,Female,Pune,45,2020-04-14,Bengali,Premium,UPI,Annual,Yes, ₹ 487.83 ," ₹ 19,337.22 ",1,0,0,Yes,732  min,170.2  min,12,38.5,24  days,2023-12-28,4  days,70.5  %,37  nos,Thriller,16,6,10,Laptop,3,1,1,4G,1,3,4,33,5,0,0,N/A
CUST00554,SonyLiv,39,35-44,Female,Bangalore,31,2021-06-10,Hindi,Basic,Credit Card,Annual,Yes, ₹ 143.52 ," ₹ 4,443.79 ",1,0,0,No,727  min,169.1  min,28,63,25  days,2023-12-14,18  days,62.7  %,53  nos,Comedy,22,3,2,Mobile,3,4,1,4G,0,3,8,4,12,6.9,0,N/A
CUST00555,ZEE5,41,35-44,Male,Delhi,30,2021-07-13,Malayalam,Standard,Net Banking,Monthly,Yes, ₹ 291.92 ," ₹ 7,771.02 ",1,0,1,No,1746  min,406  min,22,18.7,7  days,2023-12-29,3  days,51  %,21  nos,Sci-Fi,13,4,3,Desktop,3,3,0,WiFi,2,3,4,34,7,0,0,N/A
CUST00556,Amazon Prime,25,25-34,Female,Hyderabad,28,2021-09-08,Kannada,Basic,Credit Card,Monthly,No, ₹ 145.07 ," ₹ 3,915.93 ",1,0,0,No,967  min,224.9  min,21,56.2,15  days,2023-12-31,1  days,32.6  %,42  nos,Sci-Fi,0,7,2,Mobile,3,2,0,WiFi,0,4,4,36,14,20.3,0,N/A
CUST00557,SonyLiv,23,18-24,Female,Lucknow,37,2020-11-27,Tamil,Standard,UPI,Monthly,Yes, ₹ 293.48 ," ₹ 9,691.27 ",0,1,0,No,464  min,107.9  min,24,54.8,0  days,2023-12-29,3  days,73.9  %,0  nos,Sci-Fi,18,6,3,Mobile,4,0,0,WiFi,0,2,10,41,5,0,0,N/A
CUST00558,Netflix,49,45-54,Male,Mumbai,59,2019-02-02,Gujarati,Premium,Credit Card,Monthly,Yes, ₹ 498.91 ," ₹ 26,762.85 ",0,0,1,No,1411  min,328.1  min,22,42.2,17  days,2023-12-28,4  days,60.3  %,26  nos,Documentary,26,3,2,Smart TV,4,0,1,4G,0,3,8,30,11,0,0,N/A
CUST00559,Amazon Prime,40,35-44,Male,Delhi,27,2021-10-05,Tamil,Basic,Credit Card,Monthly,No, ₹ 131.61 ," ₹ 3,405.42 ",0,2,0,No,770  min,179.1  min,34,55.5,20  days,2023-12-25,7  days,92.1  %,18  nos,Sci-Fi,10,1,1,Smart TV,4,0,0,WiFi,2,3,8,21,10,37.3,1,Content
CUST00560,Amazon Prime,18,18-24,Male,Ahmedabad,3,2023-09-23,Marathi,Standard,Debit Card,Quarterly,Yes, ₹ 270.30 , ₹ 721.05 ,0,1,1,No,1053  min,244.9  min,0,67.4,19  days,2023-12-29,3  days,74.1  %,0  nos,Comedy,12,9,6,Mobile,4,1,0,4G,0,4,6,45,6,0,0,N/A
CUST00561,SonyLiv,27,25-34,Male,Delhi,44,2020-04-22,Kannada,Standard,Debit Card,Annual,Yes, ₹ 284.31 ," ₹ 10,987.51 ",0,0,0,No,1424  min,331.2  min,11,30.4,15  days,2023-12-27,5  days,79.9  %,39  nos,Documentary,25,6,3,Mobile,2,1,0,WiFi,0,2,4,16,7,0,0,N/A
CUST00562,JioHotstar,39,35-44,Male,Kolkata,51,2019-10-21,Kannada,Premium,UPI,Annual,Yes, ₹ 502.20 ," ₹ 23,970.25 ",0,0,0,No,596  min,138.6  min,13,65.3,26  days,2023-12-30,2  days,58.4  %,52  nos,Comedy,26,8,3,Mobile,2,0,0,WiFi,2,2,5,18,9,0,0,N/A
CUST00563,JioHotstar,24,18-24,Male,Bangalore,56,2019-05-06,Malayalam,Basic,UPI,Quarterly,Yes, ₹ 136.69 ," ₹ 7,257.96 ",0,1,0,No,1451  min,337.4  min,20,56.9,8  days,2023-12-28,4  days,32.5  %,45  nos,Comedy,16,6,5,Mobile,1,0,0,WiFi,0,3,3,10,8,37.3,0,N/A
CUST00564,Amazon Prime,34,25-34,Female,Delhi,31,2021-05-24,Telugu,Basic,UPI,Monthly,No, ₹ 148.32 ," ₹ 4,087.10 ",0,0,0,No,936  min,217.7  min,16,67.1,23  days,2023-12-28,4  days,82.3  %,10  nos,Documentary,4,5,4,Smart TV,6,3,0,5G,0,3,4,11,0,56.8,0,N/A
CUST00565,JioHotstar,18,18-24,Male,Delhi,26,2021-10-20,English,Basic,Credit Card,Quarterly,Yes, ₹ 186.23 ," ₹ 4,604.34 ",0,0,1,Yes,294  min,68.4  min,21,39.8,14  days,2023-12-07,25  days,76.6  %,22  nos,Action,16,3,5,Mobile,3,1,2,3G,0,2,2,4,1,34.3,0,N/A
CUST00566,SonyLiv,38,35-44,Male,Chennai,36,2020-12-28,Hindi,Standard,Debit Card,Annual,Yes, ₹ 239.48 ," ₹ 7,956.48 ",0,1,0,No,1337  min,310.9  min,22,67,4  days,2024-01-01,0  days,78.5  %,34  nos,Reality,16,6,4,Smart TV,2,2,0,WiFi,0,4,3,29,5,0,0,N/A
CUST00567,ZEE5,30,25-34,Female,Hyderabad,46,2020-03-10,Kannada,Standard,UPI,Monthly,Yes, ₹ 302.96 ," ₹ 12,055.15 ",3,0,0,No,925  min,215.1  min,27,37.8,22  days,2023-12-24,8  days,43.9  %,55  nos,Documentary,7,3,1,Laptop,4,2,0,5G,1,3,3,45,15,0,0,N/A
CUST00568,JioHotstar,30,25-34,Female,Kolkata,48,2019-12-31,Telugu,Standard,Debit Card,Quarterly,Yes, ₹ 306.45 ," ₹ 13,414.70 ",0,0,0,Yes,1217  min,283  min,28,58.7,17  days,2023-12-20,12  days,70.7  %,39  nos,Horror,22,7,4,Mobile,0,1,0,WiFi,0,2,10,28,10,0,1,Financial Constraint
CUST00569,Amazon Prime,18,18-24,Male,Lucknow,34,2021-03-15,Kannada,Premium,UPI,Monthly,No, ₹ 497.75 ," ₹ 16,774.94 ",2,0,0,No,1274  min,296.3  min,5,82.1,21  days,2024-01-01,0  days,37.1  %,24  nos,Drama,7,1,7,Laptop,5,0,0,WiFi,1,3,2,21,13,0,0,N/A
CUST00570,Netflix,29,25-34,Female,Lucknow,54,2019-07-09,Gujarati,Basic,Credit Card,Monthly,No, ₹ 162.03 ," ₹ 8,744.77 ",2,0,0,No,1104  min,256.7  min,5,44.2,16  days,2023-12-19,13  days,61.1  %,46  nos,Sci-Fi,31,6,6,Mobile,1,1,0,WiFi,0,2,7,0,2,15.9,1,Found Alternative
CUST00571,Netflix,38,35-44,Male,Delhi,8,2023-04-30,Kannada,Family,UPI,Annual,Yes, ₹ 648.87 ," ₹ 4,710.92 ",1,0,0,No,1417  min,329.5  min,29,43.1,7  days,2023-12-20,12  days,61.2  %,11  nos,Romance,28,4,6,Laptop,5,0,0,3G,0,3,5,24,9,0,0,N/A
CUST00572,JioHotstar,31,25-34,Female,Ahmedabad,7,2023-05-31,Marathi,Premium,UPI,Annual,Yes, ₹ 522.10 ," ₹ 3,459.53 ",0,0,0,No,1202  min,279.5  min,36,23.3,22  days,2023-12-31,1  days,66.1  %,64  nos,Documentary,9,2,5,Laptop,0,1,1,4G,2,3,1,4,12,0,0,N/A
CUST00573,Amazon Prime,24,18-24,Male,Kolkata,8,2023-04-10,Bengali,Basic,UPI,Annual,No, ₹ 130.85 ," ₹ 1,006.70 ",0,0,0,Yes,566  min,131.6  min,29,49.2,4  days,2023-12-14,18  days,63.4  %,78  nos,Horror,22,8,2,Mobile,7,0,0,WiFi,1,4,7,21,11,0,0,N/A
CUST00574,JioHotstar,24,18-24,Male,Lucknow,37,2020-12-01,Telugu,Premium,Wallet,Monthly,Yes, ₹ 495.60 ," ₹ 17,455.09 ",0,0,1,No,1412  min,328.4  min,13,59.7,18  days,2023-12-17,15  days,56.7  %,66  nos,Sports,15,3,1,Laptop,6,0,0,4G,0,4,5,22,4,0,0,N/A
CUST00575,Netflix,24,18-24,Female,Hyderabad,10,2023-02-09,Bengali,Premium,Credit Card,Monthly,Yes, ₹ 515.29 ," ₹ 4,492.71 ",0,1,0,No,1069  min,248.6  min,26,13,24  days,2023-12-31,1  days,42.8  %,20  nos,Action,28,6,3,Smart TV,2,1,0,WiFi,1,4,5,7,12,0,0,N/A
CUST00576,Netflix,18,18-24,Non-Binary,Lucknow,33,2021-03-28,Telugu,Standard,Net Banking,Monthly,No, ₹ 280.93 ," ₹ 8,343.36 ",0,0,1,No,723  min,168.1  min,11,34.5,4  days,2023-12-29,3  days,97.8  %,40  nos,Thriller,2,6,6,Laptop,1,0,0,5G,0,2,8,31,12,0,1,Found Alternative
CUST00577,ZEE5,30,25-34,Female,Ahmedabad,50,2019-11-04,Kannada,Basic,UPI,Annual,Yes, ₹ 138.72 ," ₹ 5,918.04 ",0,0,2,No,1279  min,297.4  min,9,50.4,14  days,2024-01-01,0  days,64.9  %,57  nos,Documentary,28,3,1,Laptop,4,2,1,3G,1,2,9,21,11,40.2,0,N/A
CUST00578,Amazon Prime,22,18-24,Female,Kolkata,20,2022-05-03,Telugu,Premium,Debit Card,Monthly,Yes, ₹ 522.21 ," ₹ 10,117.21 ",0,0,0,No,717  min,166.7  min,14,19.3,25  days,2023-12-28,4  days,87.1  %,36  nos,Action,11,7,2,Laptop,3,1,0,4G,2,2,3,21,5,0,0,N/A
CUST00579,Netflix,31,25-34,Male,Ahmedabad,20,2022-04-15,Tamil,Basic,UPI,Monthly,Yes, ₹ 147.35 ," ₹ 2,665.07 ",0,0,0,No,1245  min,289.5  min,12,44.2,14  days,2024-01-01,0  days,94.2  %,45  nos,Drama,20,7,3,Laptop,3,0,0,3G,1,3,6,28,12,9.3,0,N/A
CUST00580,ZEE5,40,35-44,Male,Bangalore,4,2023-08-09,English,Standard,Credit Card,Annual,Yes, ₹ 287.62 ," ₹ 1,066.86 ",0,1,1,No,1410  min,327.9  min,11,23.1,17  days,2023-12-30,2  days,78.9  %,11  nos,Documentary,1,4,3,Desktop,3,3,0,4G,0,2,5,15,12,0,0,N/A
CUST00581,Netflix,34,25-34,Male,Ahmedabad,21,2022-03-23,Tamil,Premium,Credit Card,Quarterly,No, ₹ 486.91 ," ₹ 9,701.36 ",1,0,0,No,684  min,159.1  min,25,39.5,4  days,2023-12-29,3  days,99.3  %,35  nos,Documentary,3,2,1,Mobile,5,1,0,4G,0,2,4,26,0,0,0,N/A
CUST00582,Netflix,32,25-34,Male,Ahmedabad,44,2020-04-28,Gujarati,Basic,Debit Card,Annual,Yes, ₹ 161.96 ," ₹ 6,798.85 ",0,0,0,Yes,1251  min,290.9  min,24,70.8,19  days,2024-01-01,0  days,51.6  %,48  nos,Reality,19,4,1,Mobile,1,1,1,4G,0,3,6,24,3,56.9,0,N/A
CUST00583,Amazon Prime,23,18-24,Female,Delhi,23,2022-02-04,English,Premium,UPI,Monthly,Yes, ₹ 511.85 ," ₹ 11,244.10 ",0,0,0,No,1198  min,278.6  min,24,60.7,14  days,2023-12-31,1  days,77.1  %,12  nos,Sports,10,5,5,Laptop,1,2,0,4G,1,3,3,28,2,0,0,N/A
CUST00584,SonyLiv,51,45-54,Female,Delhi,52,2019-09-11,Telugu,Family,UPI,Monthly,Yes, ₹ 649.61 ," ₹ 29,624.50 ",1,1,1,No,751  min,174.7  min,22,12,23  days,2023-12-28,4  days,74.4  %,55  nos,Horror,16,3,1,Mobile,1,1,0,WiFi,2,2,6,22,10,0,1,Price
CUST00585,JioHotstar,23,18-24,Female,Mumbai,6,2023-06-12,English,Standard,Credit Card,Monthly,Yes, ₹ 300.80 ," ₹ 1,789.97 ",3,0,0,Yes,644  min,149.8  min,0,56.9,15  days,2023-12-28,4  days,21.9  %,45  nos,Romance,7,3,6,Mobile,4,2,2,5G,1,5,4,26,18,0,0,N/A
CUST00586,Amazon Prime,50,45-54,Female,Bangalore,40,2020-09-07,Malayalam,Premium,Debit Card,Annual,Yes, ₹ 506.57 ," ₹ 18,859.22 ",0,1,0,Yes,1151  min,267.7  min,19,40.7,12  days,2023-12-23,9  days,71.8  %,14  nos,Drama,14,3,2,Laptop,4,2,0,WiFi,0,2,2,52,19,0,1,Price
CUST00587,SonyLiv,25,25-34,Male,Bangalore,42,2020-07-17,Gujarati,Basic,Credit Card,Monthly,Yes, ₹ 174.37 ," ₹ 6,306.70 ",1,1,2,No,639  min,148.6  min,19,7.2,18  days,2023-12-30,2  days,80.7  %,44  nos,Documentary,17,4,2,Smart TV,3,0,0,WiFi,1,3,5,17,0,16.8,0,N/A
CUST00588,ZEE5,18,18-24,Female,Bangalore,37,2020-11-30,Telugu,Basic,Net Banking,Annual,Yes, ₹ 163.80 ," ₹ 5,326.63 ",0,1,0,No,124  min,28.8  min,18,52.7,25  days,2023-12-29,3  days,86.3  %,51  nos,Sports,15,1,2,Smart TV,5,0,0,WiFi,0,3,3,28,9,21.4,1,Poor UX
CUST00589,Amazon Prime,18,18-24,Male,Lucknow,17,2022-07-14,English,Basic,Debit Card,Quarterly,Yes, ₹ 178.55 ," ₹ 2,730.00 ",0,0,2,Yes,969  min,225.3  min,14,29.4,6  days,2023-12-31,1  days,78  %,64  nos,Horror,30,7,4,Laptop,2,1,0,WiFi,2,4,8,53,10,49.5,0,N/A
CUST00590,Netflix,27,25-34,Male,Chennai,26,2021-10-18,English,Premium,UPI,Monthly,No, ₹ 509.83 ," ₹ 12,438.03 ",1,0,1,No,1365  min,317.4  min,20,35.5,13  days,2023-12-26,6  days,68.5  %,46  nos,Drama,0,2,10,Smart TV,2,0,0,4G,0,3,7,18,0,0,0,N/A
CUST00591,JioHotstar,26,25-34,Female,Mumbai,12,2022-12-18,Marathi,Family,Credit Card,Monthly,No, ₹ 633.02 ," ₹ 7,559.78 ",1,1,0,No,1311  min,304.9  min,23,46.9,15  days,2023-12-24,8  days,63.1  %,57  nos,Reality,21,5,2,Tablet,2,1,0,WiFi,0,3,4,11,7,0,0,N/A
CUST00592,Netflix,29,25-34,Female,Bangalore,45,2020-03-26,Tamil,Basic,Debit Card,Monthly,No, ₹ 137.16 ," ₹ 5,838.15 ",1,0,0,No,715  min,166.3  min,18,18.3,25  days,2024-01-01,0  days,89  %,59  nos,Thriller,0,5,4,Laptop,5,1,0,WiFi,0,4,7,20,10,21.6,0,N/A
CUST00593,Amazon Prime,46,45-54,Male,Ahmedabad,35,2021-02-07,Bengali,Basic,Credit Card,Annual,No, ₹ 169.02 ," ₹ 5,750.67 ",0,1,2,No,995  min,231.4  min,26,73.5,5  days,2023-12-31,1  days,63.5  %,7  nos,Drama,14,10,4,Tablet,1,0,0,WiFi,1,2,4,40,2,55.4,1,Price
CUST00594,Netflix,27,25-34,Female,Delhi,12,2022-12-29,Hindi,Basic,UPI,Annual,No, ₹ 175.15 ," ₹ 1,789.90 ",2,0,1,No,879  min,204.4  min,2,69,12  days,2023-12-29,3  days,85.1  %,44  nos,Sports,26,6,2,Tablet,4,0,0,WiFi,0,2,8,22,12,14.9,0,N/A
CUST00595,JioHotstar,30,25-34,Female,Jaipur,48,2020-01-03,English,Standard,Debit Card,Annual,No, ₹ 297.60 ," ₹ 13,672.33 ",0,1,0,No,951  min,221.2  min,19,57.4,8  days,2023-12-29,3  days,64.2  %,73  nos,Horror,16,10,4,Mobile,0,0,0,4G,0,2,4,37,7,0,0,N/A
CUST00596,SonyLiv,25,25-34,Female,Jaipur,47,2020-02-01,Hindi,Standard,Wallet,Quarterly,No, ₹ 298.50 ," ₹ 13,026.78 ",1,0,0,Yes,843  min,196  min,7,44.8,22  days,2023-12-22,10  days,62.5  %,53  nos,Drama,0,5,1,Mobile,3,2,0,WiFi,2,3,7,25,0,0,0,N/A
CUST00597,Netflix,22,18-24,Male,Bangalore,26,2021-10-29,English,Standard,Debit Card,Annual,No, ₹ 327.65 ," ₹ 8,337.20 ",1,0,0,No,295  min,68.6  min,23,33.5,0  days,2023-12-27,5  days,79.9  %,57  nos,Sci-Fi,10,6,2,Mobile,3,1,3,WiFi,1,4,8,36,14,0,0,N/A
CUST00598,JioHotstar,37,35-44,Male,Kolkata,44,2020-04-25,Gujarati,Premium,UPI,Monthly,Yes, ₹ 478.45 ," ₹ 19,435.86 ",0,0,0,No,844  min,196.3  min,17,41.8,15  days,2024-01-01,0  days,92.2  %,3  nos,Reality,12,4,4,Smart TV,3,1,2,WiFi,0,3,4,35,15,0,0,N/A
CUST00599,Amazon Prime,35,35-44,Female,Pune,25,2021-12-06,Hindi,Basic,Credit Card,Monthly,Yes, ₹ 151.03 ," ₹ 3,296.44 ",0,0,0,Yes,1121  min,260.7  min,11,26.5,18  days,2024-01-01,0  days,51  %,16  nos,Sci-Fi,8,7,2,Mobile,6,1,0,4G,0,2,9,21,2,26.7,0,N/A
CUST00600,Amazon Prime,24,18-24,Male,Hyderabad,30,2021-07-08,Tamil,Standard,UPI,Annual,Yes, ₹ 285.13 ," ₹ 7,834.55 ",1,0,0,Yes,1239  min,288.1  min,21,60,14  days,2023-12-24,8  days,69.6  %,69  nos,Documentary,7,4,5,Mobile,1,1,1,5G,0,2,4,25,13,0,0,N/A
CUST00601,Netflix,33,25-34,Male,Bangalore,27,2021-09-15,Kannada,Premium,UPI,Monthly,Yes, ₹ 513.82 ," ₹ 12,789.57 ",0,0,1,No,1302  min,302.8  min,15,56.1,17  days,2023-12-28,4  days,57.6  %,95  nos,Romance,24,4,2,Mobile,3,2,2,4G,0,3,5,26,7,0,0,N/A
CUST00602,JioHotstar,33,25-34,Male,Pune,35,2021-02-08,Kannada,Basic,Wallet,Annual,Yes, ₹ 130.30 ," ₹ 4,111.83 ",0,0,0,Yes,751  min,174.7  min,11,38,15  days,2023-12-31,1  days,96.7  %,53  nos,Thriller,5,5,0,Mobile,2,0,3,5G,1,3,3,28,7,73.9,0,N/A
CUST00603,JioHotstar,41,35-44,Male,Ahmedabad,20,2022-04-19,Bengali,Standard,Net Banking,Monthly,Yes, ₹ 304.69 ," ₹ 5,647.04 ",1,1,0,Yes,153  min,35.6  min,21,103.4,15  days,2023-12-31,1  days,96.4  %,46  nos,Drama,7,5,1,Tablet,4,1,1,3G,1,2,5,1,15,0,1,Financial Constraint
CUST00604,Netflix,21,18-24,Female,Delhi,48,2019-12-28,Gujarati,Standard,UPI,Annual,Yes, ₹ 300.44 ," ₹ 12,579.67 ",1,0,0,Yes,1028  min,239.1  min,15,63,6  days,2023-12-31,1  days,79.4  %,10  nos,Documentary,5,3,2,Mobile,4,1,0,3G,2,2,6,23,6,0,0,N/A
CUST00605,Amazon Prime,35,35-44,Female,Delhi,60,2019-01-27,Hindi,Standard,Debit Card,Annual,No, ₹ 302.79 ," ₹ 16,046.65 ",2,0,0,No,901  min,209.5  min,22,29.8,5  days,2024-01-01,0  days,65.7  %,58  nos,Action,10,6,3,Smart TV,3,0,0,4G,1,3,2,28,17,0,0,N/A
CUST00606,Netflix,27,25-34,Male,Hyderabad,49,2019-12-06,Kannada,Basic,UPI,Monthly,Yes, ₹ 161.22 ," ₹ 7,497.40 ",0,0,0,No,1857  min,431.9  min,16,33.2,22  days,2023-12-29,3  days,36.8  %,25  nos,Romance,39,4,2,Smart TV,3,0,0,5G,2,2,4,19,13,60.8,1,Price
CUST00607,ZEE5,18,18-24,Male,Kolkata,8,2023-04-18,English,Premium,Net Banking,Annual,Yes, ₹ 519.12 ," ₹ 3,754.63 ",0,1,0,No,1227  min,285.3  min,23,89.9,20  days,2023-12-30,2  days,68.1  %,35  nos,Reality,0,7,0,Smart TV,2,2,1,WiFi,0,3,6,25,0,0,0,N/A
CUST00608,Netflix,18,18-24,Male,Delhi,9,2023-03-10,English,Basic,Wallet,Annual,No, ₹ 129.94 ," ₹ 1,027.88 ",3,2,0,No,880  min,204.7  min,10,46.7,18  days,2023-12-27,5  days,77.6  %,39  nos,Drama,23,4,1,Mobile,2,1,2,4G,2,3,6,31,16,18.5,0,N/A
CUST00609,JioHotstar,22,18-24,Non-Binary,Chennai,37,2020-12-05,Tamil,Basic,UPI,Quarterly,Yes, ₹ 144.27 ," ₹ 5,239.56 ",1,0,0,No,419  min,97.4  min,11,42.7,10  days,2023-12-28,4  days,62.2  %,67  nos,Sports,22,7,4,Desktop,2,0,2,5G,1,3,6,6,7,29.2,0,N/A
CUST00610,JioHotstar,44,35-44,Female,Delhi,33,2021-03-19,Kannada,Standard,Wallet,Annual,Yes, ₹ 275.54 ," ₹ 8,102.81 ",1,0,0,No,646  min,150.2  min,19,50.9,8  days,2023-12-25,7  days,62.7  %,0  nos,Romance,24,8,5,Mobile,3,1,0,4G,0,2,2,27,11,0,0,N/A
CUST00611,JioHotstar,24,18-24,Female,Pune,34,2021-02-22,Gujarati,Premium,Wallet,Monthly,No, ₹ 497.59 ," ₹ 15,355.21 ",1,1,1,No,973  min,226.3  min,23,93.5,6  days,2023-12-28,4  days,47.1  %,15  nos,Documentary,17,4,5,Smart TV,3,0,0,WiFi,0,4,7,17,0,0,1,Technical Issues
CUST00612,JioHotstar,37,35-44,Male,Jaipur,32,2021-05-14,Gujarati,Premium,Debit Card,Monthly,Yes, ₹ 525.85 ," ₹ 16,090.81 ",0,0,1,No,1391  min,323.5  min,8,15,30  days,2023-12-21,11  days,79.3  %,23  nos,Comedy,18,8,1,Mobile,2,0,0,4G,1,2,5,25,5,0,0,N/A
CUST00613,JioHotstar,31,25-34,Female,Kolkata,10,2023-03-05,Bengali,Premium,UPI,Annual,No, ₹ 482.63 ," ₹ 4,254.36 ",1,0,1,Yes,1190  min,276.7  min,23,48.2,23  days,2023-12-30,2  days,58.4  %,30  nos,Horror,22,4,5,Smart TV,2,0,0,3G,1,4,8,36,1,0,0,N/A
CUST00614,ZEE5,34,25-34,Female,Kolkata,50,2019-11-15,Tamil,Standard,Debit Card,Monthly,Yes, ₹ 320.97 ," ₹ 15,605.37 ",1,0,0,No,1059  min,246.3  min,24,39.2,21  days,2023-12-31,1  days,25  %,71  nos,Thriller,12,6,5,Laptop,1,2,0,WiFi,1,5,5,25,14,0,0,N/A
CUST00615,Netflix,28,25-34,Female,Lucknow,8,2023-04-29,Kannada,Family,UPI,Quarterly,Yes, ₹ 678.46 ," ₹ 4,781.37 ",0,0,1,No,257  min,59.8  min,16,35.5,4  days,2024-01-01,0  days,98.6  %,0  nos,Horror,4,4,3,Mobile,4,0,2,4G,0,2,6,33,12,0,0,N/A
CUST00616,SonyLiv,28,25-34,Male,Chennai,50,2019-10-30,Kannada,Standard,UPI,Monthly,Yes, ₹ 274.04 ," ₹ 12,026.99 ",0,1,0,No,1511  min,351.4  min,20,35.3,16  days,2023-12-29,3  days,56.5  %,56  nos,Thriller,28,3,1,Smart TV,2,2,0,5G,1,3,4,23,18,0,0,N/A
CUST00617,Amazon Prime,36,35-44,Male,Bangalore,56,2019-05-03,Kannada,Premium,UPI,Monthly,Yes, ₹ 516.19 ," ₹ 26,543.63 ",1,0,1,No,643  min,149.5  min,4,59.2,0  days,2023-12-28,4  days,49.2  %,21  nos,Documentary,21,6,3,Mobile,2,1,0,4G,0,3,3,38,13,0,0,N/A
CUST00618,SonyLiv,32,25-34,Female,Pune,27,2021-10-07,Hindi,Basic,UPI,Annual,No, ₹ 194.51 ," ₹ 4,568.13 ",0,0,1,No,446  min,103.7  min,20,31.4,8  days,2023-12-20,12  days,71.4  %,71  nos,Romance,10,7,2,Mobile,3,1,1,4G,1,3,5,18,8,21.9,1,Poor UX
CUST00619,ZEE5,31,25-34,Male,Hyderabad,59,2019-02-20,English,Basic,Credit Card,Quarterly,Yes, ₹ 150.42 ," ₹ 7,760.74 ",1,1,0,No,826  min,192.1  min,11,46.2,14  days,2023-12-26,6  days,85.4  %,41  nos,Comedy,3,3,6,Mobile,3,1,0,4G,1,3,5,12,11,45.4,0,N/A
CUST00620,JioHotstar,18,18-24,Male,Mumbai,8,2023-05-06,Gujarati,Basic,Debit Card,Annual,Yes, ₹ 201.67 ," ₹ 1,592.10 ",0,0,0,Yes,830  min,193  min,29,58.5,20  days,2023-12-31,1  days,7  %,50  nos,Documentary,27,4,1,Mobile,5,2,1,WiFi,4,1,4,21,5,53,0,N/A
CUST00621,ZEE5,31,25-34,Female,Delhi,34,2021-02-28,Tamil,Family,UPI,Annual,Yes, ₹ 623.05 ," ₹ 18,248.56 ",0,0,0,No,1487  min,345.8  min,17,33.8,18  days,2024-01-01,0  days,32.1  %,32  nos,Horror,10,4,5,Tablet,3,2,1,5G,0,2,10,34,6,0,0,N/A
CUST00622,JioHotstar,20,18-24,Male,Jaipur,23,2022-01-16,Tamil,Premium,UPI,Quarterly,Yes, ₹ 474.76 ," ₹ 10,620.66 ",0,0,0,No,367  min,85.3  min,24,39.7,11  days,2023-12-31,1  days,38  %,28  nos,Drama,8,4,2,Mobile,3,0,1,4G,2,4,1,14,8,0,0,N/A
CUST00623,Netflix,39,35-44,Female,Delhi,54,2019-07-01,Hindi,Premium,Wallet,Annual,Yes, ₹ 500.85 ," ₹ 23,588.54 ",0,1,1,No,434  min,100.9  min,14,52.9,22  days,2023-12-30,2  days,90.3  %,35  nos,Sci-Fi,8,5,2,Laptop,5,0,1,WiFi,1,3,8,20,9,0,0,N/A
CUST00624,JioHotstar,28,25-34,Male,Hyderabad,9,2023-03-16,Tamil,Premium,Credit Card,Monthly,Yes, ₹ 453.09 ," ₹ 4,061.20 ",1,0,1,No,884  min,205.6  min,22,34.1,13  days,2023-12-29,3  days,93.1  %,41  nos,Horror,34,7,4,Mobile,4,0,1,5G,0,2,8,22,0,0,0,N/A
CUST00625,Amazon Prime,37,35-44,Female,Jaipur,37,2020-12-04,Malayalam,Standard,UPI,Monthly,Yes, ₹ 303.18 ," ₹ 10,244.82 ",0,0,0,No,773  min,179.8  min,30,24.7,22  days,2023-12-23,9  days,78.6  %,41  nos,Thriller,15,4,4,Laptop,5,0,1,WiFi,0,2,5,20,9,0,1,Poor UX
CUST00626,Netflix,45,45-54,Female,Bangalore,8,2023-04-21,Hindi,Family,Credit Card,Annual,No, ₹ 657.55 ," ₹ 4,581.29 ",1,0,1,No,894  min,207.9  min,36,58.1,24  days,2023-12-27,5  days,79.4  %,38  nos,Sports,7,4,4,Desktop,3,0,0,5G,0,2,6,31,11,0,1,Financial Constraint
CUST00627,Netflix,18,18-24,Male,Bangalore,26,2021-10-20,Hindi,Premium,Credit Card,Monthly,Yes, ₹ 498.99 ," ₹ 12,159.52 ",1,0,0,No,1287  min,299.3  min,36,61.7,12  days,2023-12-31,1  days,70.1  %,24  nos,Reality,12,5,4,Tablet,2,2,2,WiFi,1,2,10,21,1,0,0,N/A
CUST00628,Netflix,35,35-44,Male,Lucknow,57,2019-04-05,Kannada,Basic,UPI,Annual,No, ₹ 123.37 ," ₹ 6,714.13 ",0,0,0,No,451  min,104.9  min,21,57.9,1  days,2024-01-01,0  days,45.4  %,25  nos,Documentary,29,9,3,Laptop,5,0,1,WiFi,0,3,5,37,12,34.2,0,N/A
CUST00629,Netflix,18,18-24,Male,Mumbai,44,2020-04-26,Hindi,Standard,UPI,Monthly,Yes, ₹ 275.04 ," ₹ 11,055.48 ",1,0,0,No,190  min,44.2  min,16,31.8,12  days,2023-12-28,4  days,68.5  %,18  nos,Sci-Fi,22,6,1,Smart TV,1,1,1,5G,2,4,5,12,0,0,0,N/A
CUST00630,Amazon Prime,24,18-24,Female,Pune,11,2023-01-15,Bengali,Family,Debit Card,Annual,Yes, ₹ 640.80 ," ₹ 6,215.49 ",0,0,0,No,1140  min,265.1  min,35,12.9,16  days,2023-12-29,3  days,63.9  %,32  nos,Thriller,2,2,4,Mobile,8,1,0,5G,1,3,7,27,6,0,0,N/A
CUST00631,JioHotstar,31,25-34,Male,Ahmedabad,33,2021-03-30,Marathi,Premium,Credit Card,Monthly,Yes, ₹ 487.93 ," ₹ 14,583.65 ",0,1,0,No,1025  min,238.4  min,26,30.8,18  days,2023-12-29,3  days,65.7  %,42  nos,Romance,35,6,2,Mobile,5,1,0,WiFi,0,2,5,36,1,0,0,N/A
CUST00632,SonyLiv,40,35-44,Male,Kolkata,12,2023-01-03,Gujarati,Basic,UPI,Monthly,No, ₹ 108.63 ," ₹ 1,144.74 ",0,0,0,Yes,1398  min,325.1  min,21,22.7,2  days,2023-12-24,8  days,57.1  %,34  nos,Action,37,4,3,Mobile,1,0,0,WiFi,1,3,4,19,5,25.4,0,N/A
CUST00633,Netflix,32,25-34,Non-Binary,Ahmedabad,4,2023-08-31,Hindi,Standard,UPI,Monthly,Yes, ₹ 301.58 ," ₹ 1,076.47 ",0,0,1,No,423  min,98.4  min,11,40.9,16  days,2023-12-30,2  days,51.6  %,35  nos,Thriller,10,8,1,Mobile,3,2,2,WiFi,0,3,6,37,11,0,0,N/A
CUST00634,Netflix,33,25-34,Female,Hyderabad,28,2021-08-20,Gujarati,Basic,UPI,Monthly,Yes, ₹ 132.62 ," ₹ 3,369.19 ",0,1,0,No,584  min,135.8  min,35,26.1,10  days,2023-12-27,5  days,73.8  %,34  nos,Action,29,1,3,Mobile,6,0,1,WiFi,1,3,9,34,0,30.7,0,N/A
CUST00635,ZEE5,22,18-24,Male,Chennai,15,2022-09-17,Tamil,Premium,UPI,Annual,Yes, ₹ 510.36 ," ₹ 7,343.89 ",0,0,0,No,1269  min,295.1  min,8,58.3,14  days,2023-12-31,1  days,64.3  %,0  nos,Horror,27,6,3,Smart TV,1,0,0,WiFi,0,2,7,23,11,0,0,N/A
CUST00636,JioHotstar,18,18-24,Female,Mumbai,49,2019-12-04,Kannada,Basic,Wallet,Quarterly,No, ₹ 132.22 ," ₹ 6,057.89 ",0,1,0,No,1192  min,277.2  min,12,30.3,20  days,2023-12-27,5  days,75.8  %,75  nos,Drama,29,5,1,Laptop,0,0,1,WiFi,1,5,6,25,11,25.6,0,N/A
CUST00637,JioHotstar,42,35-44,Female,Delhi,35,2021-02-14,English,Standard,UPI,Monthly,Yes, ₹ 274.92 ," ₹ 9,010.97 ",1,0,0,No,1184  min,275.3  min,14,8.5,7  days,2023-12-28,4  days,51.1  %,25  nos,Drama,0,4,3,Mobile,3,0,0,4G,2,4,9,49,15,0,0,N/A
CUST00638,Amazon Prime,18,18-24,Male,Ahmedabad,45,2020-04-10,Tamil,Family,Wallet,Monthly,Yes, ₹ 620.60 ," ₹ 24,938.64 ",0,0,1,No,423  min,98.4  min,25,34.8,10  days,2023-12-31,1  days,76.3  %,28  nos,Reality,0,6,3,Tablet,2,0,1,WiFi,2,4,8,17,2,0,0,N/A
CUST00639,SonyLiv,54,45-54,Female,Hyderabad,6,2023-06-15,Kannada,Standard,UPI,Annual,Yes, ₹ 303.30 ," ₹ 1,716.24 ",0,0,0,No,0  min,0  min,17,64.8,14  days,2023-12-27,5  days,78.6  %,71  nos,Thriller,25,2,1,Laptop,2,1,0,4G,0,5,8,30,0,0,0,N/A
CUST00640,Netflix,23,18-24,Male,Lucknow,28,2021-09-06,English,Basic,UPI,Quarterly,Yes, ₹ 99.00 ," ₹ 2,551.00 ",0,0,0,No,749  min,174.2  min,20,64,14  days,2023-12-28,4  days,92.1  %,51  nos,Sci-Fi,17,6,2,Mobile,2,2,0,WiFi,0,3,10,9,4,23.9,0,N/A
CUST00641,ZEE5,27,25-34,Male,Pune,14,2022-10-20,Kannada,Standard,Credit Card,Annual,Yes, ₹ 319.00 ," ₹ 4,266.56 ",1,1,0,No,798  min,185.6  min,23,49.3,26  days,2023-12-15,17  days,64.5  %,27  nos,Romance,18,6,2,Smart TV,4,2,1,4G,1,3,3,17,2,0,0,N/A
CUST00642,Netflix,29,25-34,Male,Lucknow,3,2023-09-29,Kannada,Basic,UPI,Annual,No, ₹ 150.25 , ₹ 397.57 ,0,0,0,Yes,1072  min,249.3  min,12,49.5,14  days,2023-12-20,12  days,86.9  %,73  nos,Action,23,3,4,Desktop,3,3,0,4G,1,3,7,31,9,27.1,0,N/A
CUST00643,JioHotstar,28,25-34,Male,Delhi,19,2022-05-21,Kannada,Basic,UPI,Monthly,Yes, ₹ 147.91 ," ₹ 2,479.00 ",0,0,0,No,1058  min,246  min,22,38.4,4  days,2023-12-28,4  days,62.5  %,61  nos,Comedy,20,3,4,Laptop,5,0,0,WiFi,1,4,8,31,7,37.8,0,N/A
CUST00644,Amazon Prime,40,35-44,Female,Bangalore,14,2022-10-22,Marathi,Family,Credit Card,Monthly,No, ₹ 667.59 ," ₹ 9,298.02 ",0,0,0,No,1214  min,282.3  min,16,56.1,12  days,2023-12-29,3  days,43.4  %,45  nos,Reality,24,4,2,Mobile,5,1,2,WiFi,0,2,4,19,15,0,0,N/A
CUST00645,JioHotstar,43,35-44,Male,Lucknow,43,2020-06-18,Tamil,Standard,Wallet,Annual,No, ₹ 303.17 ," ₹ 12,521.48 ",0,0,2,No,5  min,1.2  min,23,34.6,10  days,2023-12-26,6  days,81  %,33  nos,Comedy,35,7,4,Tablet,4,0,0,5G,3,3,6,18,14,0,0,N/A
CUST00646,Amazon Prime,33,25-34,Female,Pune,18,2022-06-12,Gujarati,Premium,Wallet,Annual,No, ₹ 481.42 ," ₹ 8,190.20 ",0,0,0,No,619  min,144  min,0,51.8,23  days,2024-01-01,0  days,63.3  %,26  nos,Reality,9,2,2,Mobile,5,0,1,WiFi,1,3,7,27,11,0,0,N/A
CUST00647,Amazon Prime,26,25-34,Female,Bangalore,42,2020-07-20,Kannada,Basic,UPI,Monthly,Yes, ₹ 99.00 ," ₹ 4,130.00 ",1,1,0,No,1339  min,311.4  min,28,48.8,25  days,2023-12-15,17  days,89.2  %,10  nos,Horror,29,2,6,Mobile,1,1,0,5G,1,4,7,17,14,3.2,0,N/A
CUST00648,SonyLiv,53,45-54,Female,Ahmedabad,29,2021-08-07,Kannada,Standard,UPI,Monthly,No, ₹ 285.31 ," ₹ 7,449.69 ",0,0,0,No,795  min,184.9  min,7,69,17  days,2023-12-27,5  days,68.6  %,45  nos,Sci-Fi,3,7,2,Smart TV,2,2,0,WiFi,0,3,1,30,5,0,0,N/A
CUST00649,JioHotstar,42,35-44,Male,Pune,44,2020-05-13,Bengali,Premium,UPI,Annual,Yes, ₹ 495.09 ," ₹ 18,802.67 ",1,0,0,No,1396  min,324.7  min,32,56.9,9  days,2024-01-01,0  days,52.8  %,44  nos,Drama,23,3,2,Smart TV,2,2,1,4G,0,2,5,10,11,0,0,N/A
CUST00650,Amazon Prime,38,35-44,Female,Jaipur,7,2023-05-12,Malayalam,Standard,UPI,Quarterly,No, ₹ 286.34 ," ₹ 1,767.42 ",1,0,0,No,690  min,160.5  min,14,40.9,0  days,2023-12-30,2  days,61.4  %,17  nos,Sports,21,7,0,Mobile,3,2,0,WiFi,2,5,8,44,13,0,0,N/A
CUST00651,Netflix,22,18-24,Female,Ahmedabad,29,2021-08-09,Kannada,Basic,Credit Card,Monthly,Yes, ₹ 155.60 ," ₹ 4,430.91 ",0,0,0,No,1472  min,342.3  min,27,55.8,3  days,2023-12-29,3  days,59.8  %,6  nos,Documentary,13,2,2,Laptop,2,0,0,WiFi,0,4,1,36,13,29,0,N/A
CUST00652,Netflix,34,25-34,Male,Hyderabad,58,2019-03-17,Gujarati,Premium,Debit Card,Monthly,No, ₹ 520.42 ," ₹ 30,151.89 ",1,1,0,Yes,1136  min,264.2  min,23,35.6,17  days,2023-12-31,1  days,66.5  %,2  nos,Documentary,11,4,1,Mobile,2,2,0,4G,0,2,6,20,5,0,0,N/A
CUST00653,SonyLiv,27,25-34,Female,Bangalore,44,2020-05-08,Kannada,Family,UPI,Annual,Yes, ₹ 635.33 ," ₹ 25,595.44 ",0,0,0,Yes,979  min,227.7  min,22,80.9,9  days,2023-12-24,8  days,50.7  %,78  nos,Comedy,15,5,4,Smart TV,3,2,2,4G,1,3,5,16,9,0,0,N/A
CUST00654,SonyLiv,36,35-44,Female,Kolkata,58,2019-03-24,Gujarati,Basic,Credit Card,Monthly,Yes, ₹ 168.71 ," ₹ 8,334.34 ",0,0,1,No,602  min,140  min,29,40.2,0  days,2023-12-22,10  days,56.5  %,34  nos,Comedy,12,6,4,Mobile,4,1,0,4G,0,4,8,28,7,22.1,0,N/A
CUST00655,Netflix,24,18-24,Male,Bangalore,31,2021-05-17,Marathi,Basic,Debit Card,Monthly,Yes, ₹ 155.22 ," ₹ 4,696.67 ",0,0,0,No,524  min,121.9  min,12,85.1,16  days,2023-12-26,6  days,92.2  %,29  nos,Documentary,17,2,1,Laptop,2,1,1,4G,1,4,9,6,16,33.5,0,N/A
CUST00656,ZEE5,45,45-54,Female,Lucknow,60,2019-01-22,English,Basic,UPI,Monthly,Yes, ₹ 154.42 ," ₹ 8,239.53 ",0,0,0,Yes,684  min,159.1  min,7,38.8,14  days,2023-12-30,2  days,73.4  %,41  nos,Drama,11,3,1,Smart TV,5,1,0,WiFi,1,4,5,22,9,29.6,0,N/A
CUST00657,Amazon Prime,40,35-44,Male,Mumbai,29,2021-08-07,English,Standard,Debit Card,Monthly,Yes, ₹ 338.59 ," ₹ 9,656.67 ",0,0,1,No,840  min,195.3  min,23,22.3,11  days,2023-12-30,2  days,50  %,54  nos,Sci-Fi,41,9,4,Laptop,5,2,0,WiFi,0,2,1,41,9,0,1,Price
CUST00658,JioHotstar,46,45-54,Female,Mumbai,9,2023-04-06,Marathi,Family,Credit Card,Quarterly,Yes, ₹ 642.66 ," ₹ 5,053.77 ",1,0,2,No,475  min,110.5  min,0,67,0  days,2023-12-29,3  days,100  %,55  nos,Drama,26,6,2,Mobile,4,1,0,WiFi,1,3,6,46,5,0,1,Technical Issues
CUST00659,Netflix,25,25-34,Female,Delhi,15,2022-09-14,Hindi,Standard,UPI,Annual,No, ₹ 296.36 ," ₹ 3,957.02 ",1,0,0,No,1526  min,354.9  min,22,74,12  days,2024-01-01,0  days,74.2  %,59  nos,Drama,16,5,0,Mobile,1,2,0,4G,0,1,5,15,11,0,0,N/A
CUST00660,JioHotstar,30,25-34,Male,Jaipur,28,2021-09-04,Telugu,Basic,UPI,Annual,Yes, ₹ 147.21 ," ₹ 4,098.31 ",0,0,1,Yes,0  min,0  min,16,23.5,10  days,2023-12-31,1  days,69.7  %,4  nos,Reality,25,5,3,Mobile,3,0,0,4G,0,4,5,39,5,23.6,0,N/A
CUST00661,Amazon Prime,32,25-34,Female,Pune,41,2020-07-29,Bengali,Premium,Debit Card,Quarterly,Yes, ₹ 518.29 ," ₹ 19,870.16 ",0,0,2,No,999  min,232.3  min,25,23.6,21  days,2023-12-23,9  days,86.4  %,48  nos,Drama,16,8,1,Smart TV,0,0,2,5G,1,4,3,25,0,0,0,N/A
CUST00662,Netflix,28,25-34,Male,Lucknow,57,2019-04-14,Gujarati,Standard,UPI,Monthly,Yes, ₹ 306.11 ," ₹ 16,901.00 ",1,0,2,No,1077  min,250.5  min,12,44.6,9  days,2023-12-25,7  days,38.6  %,45  nos,Drama,23,5,4,Mobile,2,0,1,WiFi,0,3,7,25,15,0,0,N/A
CUST00663,Amazon Prime,39,35-44,Male,Mumbai,49,2019-11-25,Marathi,Basic,Debit Card,Monthly,Yes, ₹ 162.17 ," ₹ 6,833.33 ",0,0,0,No,256  min,59.5  min,26,37.9,21  days,2023-12-27,5  days,56.9  %,7  nos,Thriller,15,5,5,Smart TV,0,1,0,WiFi,2,3,2,26,12,51.4,0,N/A
CUST00664,JioHotstar,18,18-24,Female,Delhi,40,2020-09-13,Kannada,Premium,Credit Card,Annual,Yes, ₹ 501.31 ," ₹ 17,193.91 ",0,1,1,No,707  min,164.4  min,20,43,15  days,2023-12-31,1  days,40.6  %,91  nos,Action,28,4,2,Desktop,1,0,2,WiFi,2,2,10,21,10,0,1,Price
CUST00665,Amazon Prime,28,25-34,Male,Lucknow,2,2023-10-20,Bengali,Basic,UPI,Quarterly,Yes, ₹ 134.95 , ₹ 248.11 ,1,0,1,Yes,0  min,0  min,19,36.9,19  days,2024-01-01,0  days,86.6  %,20  nos,Documentary,4,6,1,Mobile,3,1,0,4G,0,3,9,31,19,60.7,0,N/A
CUST00666,Amazon Prime,33,25-34,Male,Ahmedabad,7,2023-05-22,Kannada,Premium,UPI,Annual,Yes, ₹ 527.34 ," ₹ 3,445.78 ",1,1,0,No,972  min,226  min,16,9.6,6  days,2023-12-13,19  days,69.2  %,0  nos,Reality,15,5,3,Mobile,3,1,1,WiFi,1,2,3,17,10,0,0,N/A
CUST00667,Amazon Prime,33,25-34,Female,Delhi,58,2019-03-12,Marathi,Family,UPI,Monthly,No, ₹ 665.94 ," ₹ 33,634.62 ",0,1,0,No,776  min,180.5  min,32,38.9,12  days,2023-12-29,3  days,100  %,55  nos,Documentary,0,5,3,Mobile,2,0,1,WiFi,0,3,1,10,17,0,0,N/A
CUST00668,SonyLiv,32,25-34,Female,Jaipur,1,2023-11-22,Hindi,Basic,UPI,Monthly,No, ₹ 170.17 , ₹ 146.56 ,0,0,0,No,498  min,115.8  min,23,37.4,14  days,2023-12-22,10  days,52.9  %,51  nos,Reality,13,10,3,Laptop,1,0,2,WiFi,1,3,7,5,11,45.1,0,N/A
CUST00669,ZEE5,48,45-54,Female,Delhi,9,2023-03-19,Marathi,Premium,Net Banking,Annual,No, ₹ 492.77 ," ₹ 4,044.63 ",0,0,0,No,766  min,178.1  min,17,63.3,4  days,2023-12-27,5  days,61.1  %,32  nos,Drama,0,2,1,Smart TV,2,2,0,WiFi,2,4,9,17,4,0,0,N/A
CUST00670,Amazon Prime,28,25-34,Male,Ahmedabad,16,2022-08-27,English,Basic,UPI,Monthly,Yes, ₹ 135.66 ," ₹ 2,129.17 ",0,0,1,No,325  min,75.6  min,17,29.9,12  days,2024-01-01,0  days,67.6  %,16  nos,Thriller,9,5,2,Laptop,2,3,1,WiFi,0,1,2,8,6,35.6,0,N/A
CUST00671,Netflix,20,18-24,Female,Ahmedabad,56,2019-05-01,Kannada,Basic,UPI,Monthly,Yes, ₹ 145.55 ," ₹ 7,573.29 ",0,0,0,No,1173  min,272.8  min,11,22.2,19  days,2023-12-28,4  days,76.5  %,16  nos,Romance,3,3,4,Laptop,3,1,1,4G,0,4,1,25,2,7.8,0,N/A
CUST00672,Netflix,48,45-54,Male,Hyderabad,27,2021-10-04,Malayalam,Premium,Debit Card,Annual,Yes, ₹ 516.75 ," ₹ 12,440.88 ",0,0,0,Yes,657  min,152.8  min,13,28.6,11  days,2023-12-25,7  days,72.4  %,16  nos,Romance,26,7,1,Desktop,3,0,2,4G,0,3,5,24,14,0,0,N/A
CUST00673,Amazon Prime,20,18-24,Male,Delhi,17,2022-07-28,Hindi,Premium,UPI,Monthly,Yes, ₹ 534.52 ," ₹ 8,340.78 ",0,0,1,No,338  min,78.6  min,9,50.6,30  days,2023-12-30,2  days,65.3  %,66  nos,Sports,4,7,1,Mobile,5,0,1,WiFi,3,3,6,21,5,0,0,N/A
CUST00674,Amazon Prime,25,25-34,Female,Mumbai,31,2021-06-12,Bengali,Standard,UPI,Monthly,No, ₹ 266.90 ," ₹ 7,273.50 ",0,0,0,Yes,535  min,124.4  min,17,37.2,17  days,2023-12-24,8  days,72.7  %,71  nos,Comedy,9,4,4,Smart TV,2,0,0,4G,0,4,5,29,11,0,0,N/A
CUST00675,Amazon Prime,24,18-24,Female,Chennai,8,2023-04-19,Telugu,Basic,UPI,Quarterly,Yes, ₹ 156.70 ," ₹ 1,165.62 ",2,0,0,No,1086  min,252.6  min,11,63.2,23  days,2023-12-29,3  days,87.1  %,54  nos,Reality,21,5,1,Laptop,4,1,2,WiFi,2,4,2,28,10,38.5,0,N/A
CUST00676,Netflix,25,25-34,Female,Kolkata,34,2021-02-21,Telugu,Basic,UPI,Quarterly,Yes, ₹ 166.57 ," ₹ 5,058.51 ",0,0,0,Yes,899  min,209.1  min,10,65.1,19  days,2024-01-01,0  days,39.6  %,20  nos,Comedy,12,7,1,Smart TV,5,3,1,4G,0,2,7,13,6,57,0,N/A
CUST00677,Amazon Prime,18,18-24,Female,Chennai,12,2022-12-19,Marathi,Premium,UPI,Monthly,Yes, ₹ 473.99 ," ₹ 5,655.67 ",1,0,0,No,1361  min,316.5  min,18,63.8,9  days,2023-12-20,12  days,66.3  %,37  nos,Documentary,7,3,4,Mobile,3,1,0,WiFi,0,3,2,20,2,0,0,N/A
CUST00678,Netflix,51,45-54,Female,Mumbai,41,2020-08-03,Marathi,Family,Debit Card,Monthly,Yes, ₹ 622.21 ," ₹ 22,102.59 ",0,0,0,No,851  min,197.9  min,18,57.5,18  days,2023-12-20,12  days,80.5  %,51  nos,Reality,10,7,3,Laptop,4,1,0,WiFi,1,2,8,40,13,0,1,Technical Issues
CUST00679,SonyLiv,28,25-34,Female,Delhi,21,2022-03-19,Marathi,Standard,Net Banking,Annual,Yes, ₹ 256.49 ," ₹ 4,971.41 ",0,1,0,No,1473  min,342.6  min,8,54.4,15  days,2023-12-22,10  days,57.4  %,4  nos,Action,18,7,5,Laptop,0,1,1,WiFi,2,3,4,44,12,0,0,N/A
CUST00680,Amazon Prime,43,35-44,Female,Lucknow,34,2021-03-16,English,Basic,Debit Card,Quarterly,Yes, ₹ 140.08 ," ₹ 4,341.45 ",1,0,0,Yes,733  min,170.5  min,31,56.9,21  days,2023-12-24,8  days,32.1  %,45  nos,Comedy,9,3,1,Mobile,2,1,2,WiFi,1,3,4,32,1,53.5,0,N/A
CUST00681,JioHotstar,18,18-24,Male,Chennai,51,2019-09-30,English,Basic,Wallet,Quarterly,No, ₹ 161.77 ," ₹ 8,098.23 ",0,2,0,No,640  min,148.8  min,21,38,1  days,2023-12-31,1  days,71.7  %,2  nos,Sci-Fi,26,4,3,Desktop,0,1,2,5G,0,3,5,38,14,58.1,1,Infrequent Usage
CUST00682,Amazon Prime,29,25-34,Male,Lucknow,29,2021-07-31,Bengali,Standard,UPI,Monthly,Yes, ₹ 278.93 ," ₹ 7,618.64 ",0,0,0,No,1295  min,301.2  min,15,49.1,0  days,2023-12-30,2  days,67.6  %,42  nos,Sci-Fi,14,4,1,Smart TV,2,1,1,4G,0,1,4,23,16,0,0,N/A
CUST00683,Netflix,22,18-24,Male,Bangalore,32,2021-04-21,Tamil,Standard,UPI,Quarterly,Yes, ₹ 314.78 ," ₹ 9,297.58 ",0,0,1,Yes,1210  min,281.4  min,13,51.9,6  days,2023-12-17,15  days,48.2  %,31  nos,Romance,22,3,3,Mobile,3,1,0,WiFi,2,2,1,27,19,0,0,N/A
CUST00684,JioHotstar,44,35-44,Male,Kolkata,1,2023-11-22,Kannada,Standard,UPI,Monthly,Yes, ₹ 321.33 , ₹ 315.48 ,0,0,0,No,998  min,232.1  min,12,61.4,9  days,2024-01-01,0  days,80.7  %,25  nos,Sports,11,2,3,Laptop,2,1,0,4G,1,2,7,13,4,0,1,Price
CUST00685,Netflix,18,18-24,Non-Binary,Chennai,30,2021-07-01,English,Basic,UPI,Annual,Yes, ₹ 191.64 ," ₹ 5,471.95 ",0,1,1,No,654  min,152.1  min,28,15.1,6  days,2023-12-08,24  days,77.1  %,84  nos,Documentary,12,4,3,Desktop,1,1,1,WiFi,1,3,8,30,3,18.8,1,Content
CUST00686,Amazon Prime,21,18-24,Female,Hyderabad,55,2019-05-30,Tamil,Premium,UPI,Monthly,Yes, ₹ 510.98 ," ₹ 25,157.47 ",1,0,0,Yes,1025  min,238.4  min,11,15.8,12  days,2023-12-30,2  days,47  %,39  nos,Reality,16,4,4,Tablet,2,2,0,4G,2,3,9,45,14,0,0,N/A
CUST00687,SonyLiv,25,25-34,Female,Delhi,10,2023-02-22,Gujarati,Standard,Credit Card,Annual,Yes, ₹ 335.37 ," ₹ 3,086.27 ",0,0,0,No,604  min,140.5  min,13,41.6,7  days,2023-12-23,9  days,57.5  %,40  nos,Documentary,25,4,2,Desktop,5,1,0,4G,2,3,4,17,4,0,0,N/A
CUST00688,Netflix,27,25-34,Female,Delhi,52,2019-09-07,Tamil,Standard,Credit Card,Monthly,Yes, ₹ 291.29 ," ₹ 13,164.19 ",1,0,1,No,0  min,0  min,27,43.5,9  days,2023-12-31,1  days,47  %,25  nos,Reality,3,10,2,Tablet,2,1,0,WiFi,0,2,6,25,17,0,0,N/A
CUST00689,Netflix,18,18-24,Female,Ahmedabad,56,2019-05-24,Gujarati,Standard,UPI,Monthly,No, ₹ 278.23 ," ₹ 14,762.60 ",0,0,1,No,467  min,108.6  min,23,33.2,11  days,2023-12-31,1  days,30.5  %,30  nos,Drama,7,7,3,Laptop,5,1,0,4G,3,3,7,46,7,0,0,N/A
CUST00690,SonyLiv,21,18-24,Male,Lucknow,47,2020-02-20,Gujarati,Premium,UPI,Monthly,Yes, ₹ 491.31 ," ₹ 22,192.47 ",0,0,0,No,934  min,217.2  min,14,27.7,1  days,2023-12-30,2  days,61.4  %,45  nos,Thriller,19,7,3,Tablet,2,0,1,4G,0,3,10,10,12,0,0,N/A
CUST00691,JioHotstar,31,25-34,Female,Mumbai,55,2019-05-28,Malayalam,Standard,UPI,Monthly,Yes, ₹ 317.88 ," ₹ 17,168.43 ",0,0,1,No,396  min,92.1  min,9,50.8,14  days,2023-12-27,5  days,45.9  %,31  nos,Thriller,12,2,5,Mobile,2,0,0,4G,2,3,5,8,8,0,0,N/A
CUST00692,Amazon Prime,32,25-34,Male,Delhi,21,2022-03-28,Kannada,Standard,UPI,Monthly,No, ₹ 281.88 ," ₹ 5,262.66 ",0,1,2,No,2038  min,474  min,21,44.6,27  days,2023-12-29,3  days,37.3  %,24  nos,Sci-Fi,13,3,5,Tablet,4,0,0,4G,1,3,7,49,16,0,0,N/A
CUST00693,JioHotstar,18,18-24,Male,Chennai,12,2022-12-18,Gujarati,Premium,Debit Card,Monthly,Yes, ₹ 493.60 ," ₹ 5,627.81 ",1,0,0,No,536  min,124.7  min,12,61.9,16  days,2023-12-30,2  days,88.5  %,17  nos,Sci-Fi,39,8,1,Mobile,4,0,0,WiFi,2,3,9,25,5,0,0,N/A
CUST00694,SonyLiv,25,25-34,Male,Pune,11,2023-02-02,Hindi,Basic,UPI,Monthly,Yes, ₹ 165.98 ," ₹ 1,561.25 ",1,0,0,No,784  min,182.3  min,27,48,23  days,2023-12-29,3  days,58.5  %,66  nos,Reality,29,5,3,Smart TV,2,2,1,5G,1,4,5,25,14,78.9,0,N/A
CUST00695,Netflix,47,45-54,Female,Ahmedabad,19,2022-05-14,Hindi,Family,Credit Card,Annual,Yes, ₹ 666.54 ," ₹ 11,427.28 ",2,1,0,No,1050  min,244.2  min,21,5.8,14  days,2023-12-30,2  days,49.1  %,43  nos,Documentary,21,4,3,Smart TV,3,2,0,WiFi,0,2,5,21,11,0,1,Found Alternative
CUST00696,JioHotstar,18,18-24,Male,Bangalore,20,2022-05-11,Bengali,Family,UPI,Annual,Yes, ₹ 652.39 ," ₹ 12,974.51 ",3,0,1,No,621  min,144.4  min,19,16.5,16  days,2023-12-25,7  days,57.4  %,54  nos,Comedy,20,4,2,Smart TV,1,1,1,5G,1,2,2,34,11,0,0,N/A
CUST00697,Amazon Prime,25,25-34,Male,Hyderabad,41,2020-08-14,Marathi,Standard,UPI,Monthly,Yes, ₹ 275.52 ," ₹ 10,843.69 ",0,0,1,Yes,99  min,23  min,25,92.6,14  days,2023-12-21,11  days,38.1  %,72  nos,Drama,0,5,3,Smart TV,3,0,0,4G,1,3,4,21,11,0,0,N/A
CUST00698,Netflix,26,25-34,Female,Chennai,8,2023-05-01,Tamil,Premium,Credit Card,Annual,No, ₹ 472.32 ," ₹ 3,246.88 ",2,1,0,No,1125  min,261.6  min,7,33.3,20  days,2023-12-28,4  days,67.9  %,35  nos,Action,21,5,1,Laptop,4,1,0,WiFi,4,3,7,35,1,0,0,N/A
CUST00699,JioHotstar,26,25-34,Female,Bangalore,22,2022-02-13,English,Premium,Credit Card,Annual,Yes, ₹ 461.03 ," ₹ 8,925.14 ",0,1,0,No,1460  min,339.5  min,8,60.5,14  days,2024-01-01,0  days,79  %,25  nos,Sci-Fi,4,3,2,Laptop,2,2,1,WiFi,0,3,8,47,1,0,0,N/A
CUST00700,Amazon Prime,19,18-24,Female,Chennai,6,2023-06-09,Hindi,Standard,Debit Card,Monthly,No, ₹ 267.52 ," ₹ 1,579.43 ",1,0,0,No,593  min,137.9  min,6,27.6,12  days,2023-12-31,1  days,57.1  %,70  nos,Documentary,17,9,4,Smart TV,4,1,1,5G,0,4,9,45,3,0,0,N/A
CUST00701,JioHotstar,18,18-24,Female,Jaipur,34,2021-02-19,Telugu,Premium,Debit Card,Monthly,Yes, ₹ 506.53 ," ₹ 16,236.44 ",1,0,0,No,17  min,4  min,26,48.1,0  days,2023-12-27,5  days,61.5  %,76  nos,Comedy,11,5,1,Laptop,6,0,1,WiFi,0,3,10,9,4,0,0,N/A
CUST00702,SonyLiv,60,55+,Female,Bangalore,54,2019-07-14,Gujarati,Basic,UPI,Monthly,Yes, ₹ 162.41 ," ₹ 7,889.95 ",0,0,0,Yes,0  min,0  min,23,77.7,30  days,2023-12-28,4  days,50.2  %,27  nos,Romance,12,6,2,Tablet,2,2,0,WiFi,2,4,9,45,15,33.6,0,N/A
CUST00703,Netflix,41,35-44,Female,Kolkata,6,2023-07-02,Gujarati,Standard,UPI,Annual,Yes, ₹ 293.04 ," ₹ 1,599.79 ",0,0,1,Yes,878  min,204.2  min,20,31.2,5  days,2023-12-24,8  days,80.9  %,18  nos,Drama,9,5,3,Smart TV,3,0,0,5G,1,4,3,14,12,0,0,N/A
CUST00704,JioHotstar,35,35-44,Male,Pune,18,2022-06-16,Telugu,Standard,Net Banking,Monthly,Yes, ₹ 314.17 ," ₹ 5,429.32 ",0,0,1,No,1744  min,405.6  min,14,90.5,19  days,2023-12-29,3  days,57.2  %,13  nos,Action,30,4,2,Mobile,0,0,0,WiFi,3,3,4,25,12,0,0,N/A
CUST00705,ZEE5,25,25-34,Female,Mumbai,24,2021-12-24,English,Family,Debit Card,Quarterly,Yes, ₹ 625.55 ," ₹ 14,003.02 ",0,0,0,No,841  min,195.6  min,0,41.5,14  days,2023-12-23,9  days,79  %,54  nos,Romance,26,1,2,Laptop,6,0,0,WiFi,1,3,0,33,7,0,0,N/A
CUST00706,Netflix,29,25-34,Male,Ahmedabad,21,2022-03-21,Telugu,Basic,UPI,Annual,No, ₹ 143.63 ," ₹ 2,805.48 ",1,0,0,No,1130  min,262.8  min,21,49.1,21  days,2023-12-22,10  days,100  %,44  nos,Action,10,3,1,Smart TV,0,1,0,WiFi,2,4,7,23,3,20.7,0,N/A
CUST00707,JioHotstar,36,35-44,Male,Pune,38,2020-11-02,Tamil,Basic,UPI,Quarterly,No, ₹ 167.78 ," ₹ 5,755.73 ",1,0,0,No,1042  min,242.3  min,24,43.1,22  days,2023-12-26,6  days,65.8  %,55  nos,Action,23,3,3,Mobile,5,0,0,WiFi,1,3,3,41,19,4,1,Content
CUST00708,SonyLiv,26,25-34,Female,Jaipur,39,2020-09-25,Hindi,Family,UPI,Annual,No, ₹ 661.25 ," ₹ 22,216.80 ",0,0,0,Yes,407  min,94.7  min,21,22.9,14  days,2024-01-01,0  days,63.4  %,19  nos,Comedy,26,5,2,Mobile,4,0,0,WiFi,1,4,5,16,7,0,0,N/A
CUST00709,ZEE5,29,25-34,Non-Binary,Bangalore,42,2020-07-09,Kannada,Standard,UPI,Monthly,Yes, ₹ 282.46 ," ₹ 11,051.24 ",0,0,0,No,1059  min,246.3  min,3,23.9,25  days,2024-01-01,0  days,69.9  %,81  nos,Horror,1,6,3,Tablet,2,0,0,5G,1,2,7,33,9,0,0,N/A
CUST00710,Amazon Prime,29,25-34,Male,Jaipur,20,2022-04-12,Telugu,Standard,UPI,Quarterly,Yes, ₹ 291.75 ," ₹ 5,007.01 ",0,0,0,No,646  min,150.2  min,25,74.7,13  days,2023-12-29,3  days,60.5  %,39  nos,Reality,4,6,1,Smart TV,3,1,0,WiFi,3,3,3,46,6,0,0,N/A
CUST00711,SonyLiv,22,18-24,Female,Kolkata,51,2019-10-05,Gujarati,Basic,Credit Card,Annual,Yes, ₹ 133.50 ," ₹ 6,785.94 ",0,0,0,No,367  min,85.3  min,23,19.1,11  days,2023-12-29,3  days,75.4  %,56  nos,Sci-Fi,34,2,2,Desktop,3,2,0,WiFi,2,2,9,6,4,16.1,0,N/A
CUST00712,Netflix,45,45-54,Female,Kolkata,57,2019-04-13,English,Basic,UPI,Monthly,Yes, ₹ 139.18 ," ₹ 7,198.55 ",2,1,0,No,434  min,100.9  min,20,32,25  days,2023-12-27,5  days,87.9  %,24  nos,Thriller,21,4,4,Mobile,2,0,0,WiFi,0,3,6,33,1,32.7,0,N/A
CUST00713,Netflix,27,25-34,Male,Jaipur,53,2019-08-23,Marathi,Family,UPI,Annual,Yes, ₹ 629.35 ," ₹ 32,495.77 ",1,1,1,No,600  min,139.5  min,18,58.5,0  days,2023-12-26,6  days,63.8  %,54  nos,Reality,15,4,2,Mobile,2,3,0,WiFi,0,3,5,17,6,0,0,N/A
CUST00714,JioHotstar,36,35-44,Female,Mumbai,56,2019-05-24,English,Standard,Wallet,Annual,Yes, ₹ 331.18 ," ₹ 18,520.74 ",0,0,1,No,1387  min,322.6  min,7,41.4,15  days,2023-12-29,3  days,86.2  %,42  nos,Documentary,13,1,2,Smart TV,4,1,0,4G,0,2,10,14,4,0,0,N/A
CUST00715,Netflix,43,35-44,Male,Chennai,10,2023-03-07,Hindi,Basic,Net Banking,Monthly,No, ₹ 186.09 ," ₹ 1,797.07 ",0,0,1,No,286  min,66.5  min,9,73.3,9  days,2023-12-29,3  days,71.7  %,21  nos,Reality,10,3,1,Mobile,5,1,0,4G,1,3,6,9,17,44.6,0,N/A
CUST00716,JioHotstar,39,35-44,Female,Lucknow,1,2023-11-07,English,Standard,Debit Card,Annual,No, ₹ 263.69 , ₹ 241.69 ,0,0,0,Yes,1211  min,281.6  min,19,5,17  days,2024-01-01,0  days,55.6  %,73  nos,Action,13,7,6,Smart TV,5,2,2,3G,0,4,2,41,6,0,0,N/A
CUST00717,SonyLiv,24,18-24,Male,Mumbai,40,2020-09-02,English,Basic,Debit Card,Monthly,Yes, ₹ 170.59 ," ₹ 5,984.10 ",1,0,0,No,787  min,183  min,24,26.5,4  days,2023-12-31,1  days,41.8  %,42  nos,Romance,9,8,5,Mobile,2,0,0,4G,2,4,10,20,8,45.5,0,N/A
CUST00718,Netflix,31,25-34,Female,Mumbai,16,2022-08-13,English,Premium,UPI,Monthly,Yes, ₹ 484.08 ," ₹ 6,952.16 ",1,0,0,No,473  min,110  min,9,52.9,13  days,2024-01-01,0  days,54.6  %,60  nos,Thriller,6,3,2,Mobile,6,1,1,4G,0,3,6,4,11,0,0,N/A
CUST00719,Netflix,18,18-24,Female,Hyderabad,37,2020-11-21,Hindi,Standard,Credit Card,Monthly,Yes, ₹ 322.04 ," ₹ 11,041.54 ",0,0,0,Yes,771  min,179.3  min,7,7.7,9  days,2023-12-22,10  days,82.6  %,45  nos,Horror,22,6,3,Smart TV,3,0,0,5G,1,2,10,25,4,0,0,N/A
CUST00720,Netflix,25,25-34,Male,Kolkata,10,2023-02-12,Hindi,Standard,UPI,Monthly,Yes, ₹ 326.41 ," ₹ 3,093.70 ",1,0,2,No,962  min,223.7  min,4,69.5,9  days,2023-12-20,12  days,79.6  %,29  nos,Romance,6,4,3,Smart TV,3,3,1,WiFi,2,2,6,34,17,0,1,Infrequent Usage
CUST00721,ZEE5,20,18-24,Male,Lucknow,15,2022-09-25,Marathi,Standard,UPI,Monthly,Yes, ₹ 321.76 ," ₹ 4,351.52 ",0,1,0,Yes,767  min,178.4  min,12,53.4,16  days,2023-12-19,13  days,87.8  %,45  nos,Reality,4,3,0,Mobile,3,0,0,4G,1,2,5,38,14,0,0,N/A
CUST00722,ZEE5,31,25-34,Male,Delhi,16,2022-08-30,Gujarati,Family,Debit Card,Annual,Yes, ₹ 630.17 ," ₹ 8,753.68 ",1,0,1,No,1313  min,305.3  min,20,40.4,19  days,2024-01-01,0  days,54.4  %,51  nos,Action,16,5,7,Smart TV,2,0,0,4G,1,4,5,28,8,0,0,N/A
CUST00723,Amazon Prime,47,45-54,Male,Lucknow,21,2022-04-11,Telugu,Standard,UPI,Annual,Yes, ₹ 309.79 ," ₹ 5,836.96 ",1,0,0,No,376  min,87.4  min,26,14.6,17  days,2023-12-29,3  days,79.6  %,34  nos,Thriller,20,10,4,Smart TV,3,2,1,3G,0,2,4,29,11,0,0,N/A
CUST00724,Netflix,22,18-24,Female,Delhi,25,2021-11-21,Malayalam,Standard,Credit Card,Monthly,Yes, ₹ 282.81 ," ₹ 6,886.55 ",0,0,0,Yes,1283  min,298.4  min,9,10.8,8  days,2023-12-19,13  days,52.2  %,10  nos,Sports,1,7,1,Mobile,1,0,0,5G,0,2,3,21,4,0,0,N/A
CUST00725,JioHotstar,23,18-24,Female,Kolkata,24,2022-01-02,Marathi,Basic,Credit Card,Monthly,Yes, ₹ 145.04 ," ₹ 3,216.86 ",0,0,0,No,703  min,163.5  min,11,37.6,8  days,2023-12-11,21  days,50.2  %,11  nos,Thriller,21,3,6,Tablet,4,0,0,5G,1,4,5,3,19,30.7,1,Price
CUST00726,Netflix,33,25-34,Female,Ahmedabad,51,2019-10-03,English,Basic,UPI,Monthly,Yes, ₹ 134.35 ," ₹ 6,841.50 ",0,0,1,Yes,1212  min,281.9  min,27,57.9,19  days,2023-12-30,2  days,54.2  %,30  nos,Sports,4,3,5,Tablet,3,3,0,5G,1,3,7,34,7,32.7,0,N/A
CUST00727,Amazon Prime,33,25-34,Female,Kolkata,9,2023-04-03,Marathi,Premium,UPI,Quarterly,Yes, ₹ 521.85 ," ₹ 4,692.52 ",0,1,1,Yes,762  min,177.2  min,17,59.8,12  days,2023-12-30,2  days,55.9  %,52  nos,Horror,22,3,1,Tablet,1,1,0,5G,0,3,2,19,11,0,0,N/A
CUST00728,JioHotstar,22,18-24,Male,Ahmedabad,48,2019-12-30,Tamil,Premium,Net Banking,Quarterly,No, ₹ 493.40 ," ₹ 21,940.26 ",1,0,0,Yes,1311  min,304.9  min,15,31.3,17  days,2023-12-28,4  days,50.1  %,44  nos,Action,0,4,2,Smart TV,3,1,0,WiFi,2,3,3,37,12,0,0,N/A
CUST00729,Amazon Prime,30,25-34,Male,Jaipur,50,2019-11-14,Bengali,Family,UPI,Monthly,Yes, ₹ 671.78 ," ₹ 31,392.94 ",0,0,0,No,721  min,167.7  min,19,43.8,0  days,2023-12-27,5  days,30.4  %,37  nos,Reality,30,4,4,Smart TV,2,0,0,5G,0,1,6,39,0,0,0,N/A
CUST00730,Amazon Prime,36,35-44,Female,Bangalore,3,2023-09-08,Telugu,Standard,UPI,Annual,Yes, ₹ 286.78 , ₹ 776.11 ,0,1,1,Yes,1223  min,284.4  min,22,47.2,9  days,2023-12-24,8  days,50.9  %,41  nos,Romance,11,2,3,Mobile,2,1,0,WiFi,0,3,1,13,6,0,0,N/A
CUST00731,Amazon Prime,47,45-54,Female,Lucknow,52,2019-09-11,English,Family,Debit Card,Monthly,Yes, ₹ 627.54 ," ₹ 31,842.99 ",1,1,1,No,904  min,210.2  min,24,20.8,16  days,2023-12-31,1  days,82  %,36  nos,Action,13,3,2,Smart TV,0,0,1,WiFi,1,3,2,9,2,0,0,N/A
CUST00732,JioHotstar,29,25-34,Male,Ahmedabad,57,2019-04-03,Hindi,Standard,UPI,Annual,Yes, ₹ 301.42 ," ₹ 15,750.17 ",2,0,1,Yes,834  min,194  min,21,40.7,16  days,2023-12-21,11  days,87.3  %,39  nos,Sci-Fi,13,4,2,Mobile,2,2,0,WiFi,0,3,5,24,11,0,0,N/A
CUST00733,SonyLiv,32,25-34,Male,Pune,34,2021-02-25,Bengali,Basic,UPI,Monthly,Yes, ₹ 153.90 ," ₹ 5,207.83 ",3,0,2,No,438  min,101.9  min,9,9.1,6  days,2023-12-28,4  days,52.2  %,11  nos,Thriller,38,3,2,Laptop,4,2,1,WiFi,4,3,7,36,10,45,0,N/A
CUST00734,Netflix,21,18-24,Female,Jaipur,46,2020-02-25,English,Premium,Credit Card,Annual,Yes, ₹ 487.99 ," ₹ 22,219.81 ",0,0,0,No,1237  min,287.7  min,15,35.7,19  days,2023-12-28,4  days,47.8  %,0  nos,Horror,13,7,1,Mobile,2,0,1,4G,5,3,3,13,7,0,0,N/A
CUST00735,JioHotstar,38,35-44,Female,Mumbai,17,2022-07-17,Tamil,Standard,UPI,Monthly,Yes, ₹ 336.26 ," ₹ 5,262.06 ",1,0,0,No,1142  min,265.6  min,17,41.7,6  days,2023-12-27,5  days,31  %,29  nos,Comedy,5,5,5,Laptop,1,1,0,WiFi,1,2,8,19,14,0,0,N/A
CUST00736,SonyLiv,31,25-34,Female,Chennai,1,2023-11-26,Kannada,Basic,Debit Card,Monthly,Yes, ₹ 122.24 , ₹ 111.57 ,0,3,1,No,239  min,55.6  min,28,41.5,10  days,2023-12-31,1  days,53  %,29  nos,Documentary,27,6,1,Smart TV,2,2,2,WiFi,0,3,7,13,1,11.8,0,N/A
CUST00737,JioHotstar,23,18-24,Female,Kolkata,58,2019-03-17,Telugu,Premium,Debit Card,Monthly,Yes, ₹ 539.44 ," ₹ 29,400.14 ",0,0,1,No,578  min,134.4  min,4,88.7,15  days,2023-12-20,12  days,84.2  %,2  nos,Romance,15,7,3,Mobile,3,0,0,WiFi,0,3,5,34,11,0,0,N/A
CUST00738,SonyLiv,35,35-44,Male,Ahmedabad,23,2022-02-04,Telugu,Premium,UPI,Monthly,Yes, ₹ 506.23 ," ₹ 10,095.09 ",0,1,0,No,535  min,124.4  min,23,38.2,23  days,2024-01-01,0  days,37.7  %,21  nos,Comedy,20,11,2,Laptop,2,0,0,4G,1,3,3,16,13,0,0,N/A
CUST00739,Amazon Prime,37,35-44,Male,Chennai,2,2023-10-04,Bengali,Basic,UPI,Annual,Yes, ₹ 162.53 , ₹ 303.72 ,1,0,0,No,1258  min,292.6  min,20,69.8,11  days,2024-01-01,0  days,68.1  %,27  nos,Horror,20,3,1,Smart TV,3,0,0,5G,2,3,4,38,10,0,0,N/A
CUST00740,Netflix,26,25-34,Male,Ahmedabad,50,2019-11-02,Telugu,Standard,UPI,Monthly,Yes, ₹ 304.58 ," ₹ 14,252.45 ",2,0,0,Yes,36  min,8.4  min,32,45.3,8  days,2024-01-01,0  days,79.7  %,54  nos,Thriller,12,4,4,Laptop,2,2,1,WiFi,0,3,9,43,9,0,0,N/A
CUST00741,JioHotstar,44,35-44,Male,Jaipur,2,2023-10-23,Hindi,Premium,UPI,Annual,No, ₹ 483.37 , ₹ 932.93 ,0,0,0,No,687  min,159.8  min,21,40.6,10  days,2023-12-28,4  days,35.7  %,55  nos,Action,0,3,2,Smart TV,1,2,0,WiFi,0,3,9,6,10,0,0,N/A
CUST00742,Netflix,25,25-34,Female,Chennai,20,2022-04-17,Tamil,Family,Credit Card,Monthly,No, ₹ 616.68 ," ₹ 12,222.62 ",0,1,0,Yes,1110  min,258.1  min,34,29.6,20  days,2023-12-31,1  days,71.5  %,31  nos,Action,26,6,1,Laptop,3,1,0,4G,0,2,8,31,7,0,0,N/A
CUST00743,SonyLiv,32,25-34,Male,Kolkata,21,2022-03-25,Hindi,Basic,Net Banking,Monthly,Yes, ₹ 140.51 ," ₹ 2,562.83 ",1,0,1,No,1495  min,347.7  min,19,56.8,20  days,2023-12-30,2  days,97.7  %,37  nos,Documentary,25,4,5,Mobile,4,2,0,4G,0,4,5,30,11,24,0,N/A
CUST00744,Netflix,18,18-24,Male,Pune,2,2023-10-22,Hindi,Premium,Debit Card,Annual,Yes, ₹ 519.64 , ₹ 975.08 ,0,0,0,No,938  min,218.1  min,7,94.7,16  days,2023-12-31,1  days,61.9  %,60  nos,Reality,24,5,1,Tablet,1,2,0,4G,0,4,3,23,0,0,0,N/A
CUST00745,JioHotstar,45,45-54,Male,Ahmedabad,14,2022-10-13,English,Basic,Debit Card,Monthly,Yes, ₹ 128.51 ," ₹ 1,554.38 ",0,0,0,No,440  min,102.3  min,12,52.5,18  days,2024-01-01,0  days,70.2  %,29  nos,Sports,7,3,4,Mobile,3,2,2,WiFi,0,2,8,11,6,68.6,0,N/A
CUST00746,Amazon Prime,33,25-34,Male,Ahmedabad,50,2019-11-03,Kannada,Family,Net Banking,Annual,Yes, ₹ 652.91 ," ₹ 30,578.45 ",0,0,0,Yes,859  min,199.8  min,12,57.4,15  days,2023-12-28,4  days,40.7  %,46  nos,Thriller,14,3,5,Smart TV,4,1,0,4G,1,3,5,42,7,0,0,N/A
CUST00747,Amazon Prime,44,35-44,Male,Delhi,7,2023-05-21,Gujarati,Basic,UPI,Monthly,Yes, ₹ 166.56 ," ₹ 1,015.75 ",0,0,0,No,1115  min,259.3  min,13,14.1,14  days,2023-12-28,4  days,55.8  %,0  nos,Sci-Fi,17,6,1,Smart TV,4,1,1,5G,0,5,10,1,10,20,0,N/A
CUST00748,Netflix,28,25-34,Male,Pune,22,2022-03-05,Marathi,Premium,UPI,Quarterly,Yes, ₹ 511.08 ," ₹ 11,026.91 ",0,1,0,No,356  min,82.8  min,22,56,12  days,2024-01-01,0  days,65.2  %,66  nos,Thriller,16,6,3,Laptop,1,2,1,4G,0,3,8,36,2,0,0,N/A
CUST00749,Amazon Prime,39,35-44,Female,Hyderabad,32,2021-05-02,Malayalam,Standard,UPI,Annual,Yes, ₹ 312.01 ," ₹ 8,643.99 ",0,0,0,No,454  min,105.6  min,5,27.6,14  days,2023-12-28,4  days,78.3  %,42  nos,Documentary,19,6,2,Mobile,3,1,0,WiFi,0,3,9,7,8,0,0,N/A
CUST00750,Netflix,39,35-44,Male,Delhi,3,2023-09-14,Kannada,Standard,Debit Card,Monthly,Yes, ₹ 345.00 ," ₹ 1,015.47 ",0,0,0,No,1176  min,273.5  min,9,22.8,4  days,2024-01-01,0  days,28  %,57  nos,Action,26,8,1,Mobile,6,1,1,WiFi,1,4,5,38,12,0,0,N/A
CUST00751,ZEE5,33,25-34,Female,Jaipur,23,2022-02-10,Marathi,Standard,UPI,Monthly,Yes, ₹ 299.70 ," ₹ 6,689.22 ",0,0,0,No,920  min,214  min,26,77,15  days,2024-01-01,0  days,94.8  %,22  nos,Horror,30,12,2,Smart TV,2,1,0,WiFi,1,4,7,32,11,0,0,N/A
CUST00752,ZEE5,18,18-24,Female,Bangalore,12,2022-12-31,Gujarati,Premium,Credit Card,Monthly,Yes, ₹ 499.20 ," ₹ 5,514.61 ",0,0,0,No,474  min,110.2  min,13,71.8,22  days,2023-12-24,8  days,72.6  %,53  nos,Action,11,4,2,Mobile,2,1,1,WiFi,3,3,5,19,3,0,0,N/A
CUST00753,JioHotstar,18,18-24,Male,Mumbai,43,2020-06-01,Malayalam,Standard,UPI,Quarterly,No, ₹ 314.44 ," ₹ 12,192.40 ",0,0,1,Yes,1170  min,272.1  min,28,51,15  days,2023-12-31,1  days,51.4  %,62  nos,Thriller,0,4,5,Mobile,6,1,0,5G,0,3,9,12,11,0,0,N/A
CUST00754,JioHotstar,32,25-34,Male,Lucknow,53,2019-08-15,Kannada,Family,Debit Card,Quarterly,Yes, ₹ 652.33 ," ₹ 32,460.91 ",0,1,0,Yes,1934  min,449.8  min,28,34.4,6  days,2023-12-18,14  days,49.5  %,30  nos,Thriller,4,7,4,Mobile,2,0,0,WiFi,2,4,6,34,8,0,1,Financial Constraint
CUST00755,JioHotstar,21,18-24,Female,Hyderabad,40,2020-09-10,Bengali,Family,Net Banking,Quarterly,No, ₹ 660.00 ," ₹ 23,268.85 ",1,0,0,Yes,637  min,148.1  min,25,31.7,9  days,2023-12-23,9  days,68.3  %,68  nos,Thriller,0,5,5,Desktop,3,1,1,WiFi,0,4,9,23,8,0,0,N/A
CUST00756,Netflix,37,35-44,Male,Mumbai,23,2022-02-08,English,Premium,UPI,Monthly,Yes, ₹ 493.71 ," ₹ 10,784.46 ",0,1,2,No,1224  min,284.7  min,16,83.5,17  days,2024-01-01,0  days,82.7  %,46  nos,Sports,20,4,1,Laptop,3,0,0,WiFi,1,2,7,10,6,0,0,N/A
CUST00757,SonyLiv,37,35-44,Female,Hyderabad,22,2022-03-04,Gujarati,Standard,UPI,Quarterly,Yes, ₹ 308.67 ," ₹ 5,941.34 ",0,0,0,No,1294  min,300.9  min,10,65,8  days,2023-12-31,1  days,60.1  %,10  nos,Romance,0,4,6,Laptop,1,2,2,5G,0,3,8,26,10,0,0,N/A
CUST00758,Amazon Prime,27,25-34,Female,Delhi,39,2020-10-16,Kannada,Premium,UPI,Annual,No, ₹ 512.91 ," ₹ 19,315.60 ",0,0,0,No,304  min,70.7  min,17,29.7,16  days,2024-01-01,0  days,37.6  %,5  nos,Documentary,3,4,2,Mobile,5,1,0,4G,0,2,4,21,0,0,0,N/A
CUST00759,ZEE5,43,35-44,Male,Bangalore,52,2019-09-23,Hindi,Basic,Credit Card,Monthly,Yes, ₹ 174.39 ," ₹ 8,154.81 ",0,0,0,No,1275  min,296.5  min,12,34.7,8  days,2023-12-29,3  days,100  %,30  nos,Romance,4,2,6,Smart TV,2,1,2,WiFi,3,2,7,42,12,18.8,0,N/A
CUST00760,JioHotstar,38,35-44,Female,Pune,3,2023-09-04,Bengali,Basic,UPI,Quarterly,Yes, ₹ 143.88 , ₹ 413.38 ,0,0,2,No,1351  min,314.2  min,5,22.5,22  days,2023-12-30,2  days,74.8  %,5  nos,Reality,6,9,2,Smart TV,1,1,1,4G,0,3,4,28,5,39,0,N/A
CUST00761,SonyLiv,45,45-54,Female,Delhi,3,2023-09-15,Marathi,Basic,UPI,Monthly,No, ₹ 156.98 , ₹ 461.82 ,0,0,0,Yes,705  min,164  min,16,54.2,15  days,2023-12-31,1  days,54.8  %,23  nos,Documentary,10,9,3,Laptop,3,3,0,WiFi,1,3,3,33,2,44.1,0,N/A
CUST00762,JioHotstar,36,35-44,Male,Jaipur,19,2022-05-13,Telugu,Premium,Net Banking,Monthly,Yes, ₹ 490.75 ," ₹ 9,183.92 ",0,2,2,No,1027  min,238.8  min,21,27.9,11  days,2024-01-01,0  days,91.5  %,33  nos,Comedy,14,7,3,Tablet,4,0,0,4G,1,3,8,32,5,0,0,N/A
CUST00763,Amazon Prime,35,35-44,Female,Pune,29,2021-08-02,Hindi,Basic,UPI,Monthly,No, ₹ 145.71 ," ₹ 3,644.97 ",0,0,0,No,300  min,69.8  min,17,5,10  days,2024-01-01,0  days,98.4  %,52  nos,Romance,5,4,3,Smart TV,2,2,0,4G,0,4,6,36,9,61.3,0,N/A
CUST00764,JioHotstar,18,18-24,Female,Mumbai,22,2022-03-05,Bengali,Standard,UPI,Monthly,No, ₹ 295.24 ," ₹ 5,604.87 ",0,0,0,No,721  min,167.7  min,21,69.9,6  days,2023-12-31,1  days,75.3  %,38  nos,Drama,20,5,3,Mobile,1,0,1,WiFi,0,3,1,22,5,0,0,N/A
CUST00765,Netflix,30,25-34,Female,Mumbai,53,2019-08-15,Tamil,Premium,UPI,Monthly,Yes, ₹ 487.81 ," ₹ 24,784.65 ",1,0,0,Yes,296  min,68.8  min,31,21.1,11  days,2023-12-24,8  days,64.5  %,38  nos,Thriller,4,8,2,Laptop,4,2,0,4G,0,3,2,1,10,0,0,N/A
CUST00766,Amazon Prime,20,18-24,Male,Kolkata,10,2023-02-18,Marathi,Standard,UPI,Monthly,Yes, ₹ 330.47 ," ₹ 3,294.43 ",0,0,0,No,762  min,177.2  min,3,60.2,5  days,2023-12-17,15  days,80.7  %,31  nos,Sci-Fi,21,8,3,Mobile,10,0,0,4G,1,3,5,17,10,0,0,N/A
CUST00767,Amazon Prime,35,35-44,Female,Ahmedabad,57,2019-04-09,Tamil,Basic,UPI,Monthly,Yes, ₹ 144.64 ," ₹ 7,268.33 ",0,0,0,No,1197  min,278.4  min,8,72.7,13  days,2023-12-31,1  days,57.7  %,39  nos,Horror,10,6,3,Smart TV,2,1,4,4G,1,3,7,32,6,69.2,0,N/A
CUST00768,Amazon Prime,25,25-34,Female,Jaipur,57,2019-04-08,Bengali,Basic,Net Banking,Monthly,Yes, ₹ 175.98 ," ₹ 8,573.55 ",1,0,1,Yes,1369  min,318.4  min,15,44.3,8  days,2023-12-30,2  days,58.4  %,50  nos,Comedy,8,8,0,Smart TV,4,1,0,4G,1,4,3,30,6,21.4,0,N/A
CUST00769,JioHotstar,18,18-24,Female,Mumbai,23,2022-02-10,English,Standard,UPI,Monthly,Yes, ₹ 318.44 ," ₹ 6,593.22 ",0,0,0,No,354  min,82.3  min,15,52.2,14  days,2023-12-10,22  days,45.9  %,39  nos,Drama,9,4,3,Mobile,1,0,0,WiFi,1,2,8,22,12,0,1,Technical Issues
CUST00770,SonyLiv,34,25-34,Male,Lucknow,32,2021-05-12,Kannada,Premium,Credit Card,Monthly,No, ₹ 473.79 ," ₹ 14,253.75 ",0,0,2,No,884  min,205.6  min,21,49.2,11  days,2023-12-30,2  days,63.5  %,12  nos,Documentary,12,5,1,Mobile,3,3,2,3G,1,4,8,35,5,0,0,N/A
CUST00771,SonyLiv,36,35-44,Female,Jaipur,8,2023-04-26,Kannada,Standard,UPI,Quarterly,Yes, ₹ 276.44 ," ₹ 1,934.20 ",2,0,0,Yes,1080  min,251.2  min,31,41.6,20  days,2024-01-01,0  days,39.5  %,51  nos,Romance,15,3,3,Tablet,4,2,0,3G,0,5,7,36,7,0,0,N/A
CUST00772,Netflix,39,35-44,Non-Binary,Bangalore,9,2023-03-11,Marathi,Premium,UPI,Monthly,No, ₹ 463.67 ," ₹ 3,635.62 ",0,1,0,No,687  min,159.8  min,22,51.3,14  days,2023-12-29,3  days,53.6  %,20  nos,Documentary,10,7,4,Mobile,4,2,0,WiFi,0,4,8,11,9,0,1,Infrequent Usage
CUST00773,Amazon Prime,26,25-34,Male,Chennai,59,2019-02-10,Telugu,Standard,Net Banking,Monthly,Yes, ₹ 313.02 ," ₹ 17,846.56 ",1,0,1,Yes,580  min,134.9  min,18,59.9,13  days,2023-12-31,1  days,46.6  %,46  nos,Comedy,0,5,2,Mobile,4,0,0,4G,0,3,6,12,0,0,0,N/A
CUST00774,JioHotstar,19,18-24,Female,Pune,57,2019-04-05,Malayalam,Premium,Net Banking,Monthly,Yes, ₹ 497.52 ," ₹ 27,350.68 ",0,0,2,Yes,529  min,123  min,20,50.4,12  days,2023-12-26,6  days,70.9  %,13  nos,Horror,13,7,0,Tablet,2,1,1,5G,0,3,7,14,8,0,0,N/A
CUST00775,Amazon Prime,23,18-24,Male,Delhi,24,2021-12-22,Malayalam,Premium,Wallet,Monthly,No, ₹ 487.00 ," ₹ 10,247.15 ",0,0,0,Yes,1018  min,236.7  min,21,44.1,16  days,2023-12-23,9  days,71.6  %,68  nos,Horror,21,5,4,Mobile,2,0,0,5G,1,2,6,26,8,0,0,N/A
CUST00776,SonyLiv,29,25-34,Female,Chennai,10,2023-02-23,Malayalam,Basic,UPI,Monthly,Yes, ₹ 181.45 ," ₹ 1,720.34 ",1,0,2,No,945  min,219.8  min,10,25.7,16  days,2023-12-29,3  days,69.1  %,23  nos,Romance,19,11,5,Mobile,1,0,0,4G,2,4,10,31,8,24.7,0,N/A
CUST00777,Netflix,21,18-24,Female,Bangalore,12,2023-01-02,Kannada,Premium,UPI,Monthly,Yes, ₹ 521.19 ," ₹ 5,959.76 ",1,1,0,Yes,1167  min,271.4  min,14,42.8,18  days,2023-12-15,17  days,40.9  %,76  nos,Documentary,8,4,7,Laptop,4,1,0,WiFi,2,4,5,8,3,0,0,N/A
CUST00778,JioHotstar,36,35-44,Male,Ahmedabad,1,2023-11-09,Malayalam,Premium,Debit Card,Monthly,Yes, ₹ 499.59 , ₹ 456.50 ,1,0,0,No,623  min,144.9  min,15,34.9,18  days,2023-12-31,1  days,66  %,0  nos,Drama,11,7,5,Smart TV,5,0,0,5G,0,5,8,18,8,0,0,N/A
CUST00779,Amazon Prime,19,18-24,Male,Hyderabad,58,2019-03-10,Gujarati,Family,UPI,Monthly,Yes, ₹ 629.62 ," ₹ 35,201.18 ",0,0,0,No,652  min,151.6  min,23,5,6  days,2023-12-30,2  days,33.2  %,2  nos,Drama,26,3,1,Mobile,2,0,0,WiFi,0,3,5,27,12,0,0,N/A
CUST00780,JioHotstar,37,35-44,Male,Lucknow,50,2019-11-03,Malayalam,Standard,Credit Card,Monthly,No, ₹ 318.09 ," ₹ 14,616.83 ",1,1,0,Yes,560  min,130.2  min,12,56.7,19  days,2023-12-17,15  days,73.8  %,49  nos,Reality,14,6,4,Laptop,2,0,0,WiFi,0,2,9,25,13,0,1,Content
CUST00781,SonyLiv,42,35-44,Female,Bangalore,21,2022-04-11,Marathi,Standard,Credit Card,Monthly,Yes, ₹ 279.64 ," ₹ 5,089.95 ",1,0,0,No,490  min,114  min,30,61.3,13  days,2023-12-30,2  days,33.4  %,65  nos,Sports,13,4,5,Laptop,3,0,0,WiFi,0,2,6,44,19,0,1,Price
CUST00782,JioHotstar,19,18-24,Female,Pune,19,2022-05-19,Marathi,Family,Net Banking,Monthly,No, ₹ 658.19 ," ₹ 12,195.94 ",0,1,0,No,983  min,228.6  min,22,17.4,30  days,2023-12-31,1  days,70.8  %,16  nos,Sports,23,4,1,Smart TV,4,0,1,WiFi,2,2,3,26,6,0,1,Price
CUST00783,JioHotstar,46,45-54,Female,Delhi,27,2021-10-11,Gujarati,Family,UPI,Annual,No, ₹ 663.82 ," ₹ 16,370.63 ",0,1,0,Yes,1406  min,327  min,6,24.5,13  days,2024-01-01,0  days,54.4  %,48  nos,Romance,18,7,1,Laptop,2,0,0,4G,2,3,5,46,15,0,1,Infrequent Usage
CUST00784,ZEE5,32,25-34,Female,Lucknow,18,2022-06-16,Bengali,Standard,Debit Card,Annual,Yes, ₹ 278.71 ," ₹ 4,301.01 ",0,0,0,No,1224  min,284.7  min,13,32.7,15  days,2023-12-27,5  days,76  %,75  nos,Thriller,21,7,1,Laptop,3,0,1,WiFi,0,4,10,36,9,0,0,N/A
CUST00785,SonyLiv,33,25-34,Male,Mumbai,42,2020-07-12,Kannada,Family,Debit Card,Monthly,Yes, ₹ 670.73 ," ₹ 24,024.16 ",4,0,0,No,999  min,232.3  min,21,26.5,5  days,2023-12-27,5  days,48.2  %,39  nos,Comedy,19,5,3,Mobile,3,0,0,4G,0,2,10,22,14,0,0,N/A
CUST00786,JioHotstar,48,45-54,Male,Chennai,2,2023-10-26,Marathi,Basic,Debit Card,Annual,Yes, ₹ 145.33 , ₹ 267.14 ,0,0,0,No,1047  min,243.5  min,23,24.8,27  days,2023-12-29,3  days,56.4  %,30  nos,Reality,34,6,3,Mobile,3,2,1,WiFi,0,3,3,26,15,69.9,0,N/A
CUST00787,Netflix,21,18-24,Male,Hyderabad,57,2019-04-23,Malayalam,Basic,UPI,Monthly,Yes, ₹ 132.03 ," ₹ 6,588.77 ",2,1,1,No,382  min,88.8  min,27,80.2,6  days,2023-12-31,1  days,73.2  %,54  nos,Documentary,0,4,4,Mobile,3,2,0,5G,0,3,7,23,3,61.9,0,N/A
CUST00788,JioHotstar,30,25-34,Female,Hyderabad,6,2023-06-15,Telugu,Premium,Debit Card,Monthly,No, ₹ 481.33 ," ₹ 2,650.37 ",0,0,0,No,1082  min,251.6  min,26,26.3,18  days,2023-12-29,3  days,55  %,22  nos,Comedy,0,2,3,Smart TV,3,0,2,WiFi,0,3,4,23,7,0,0,N/A
CUST00789,Amazon Prime,30,25-34,Non-Binary,Mumbai,52,2019-09-16,Bengali,Standard,Credit Card,Monthly,No, ₹ 340.79 ," ₹ 15,412.99 ",0,0,1,No,738  min,171.6  min,24,48.5,12  days,2023-12-29,3  days,48.9  %,6  nos,Drama,28,6,5,Mobile,0,1,0,WiFi,2,2,10,53,9,0,0,N/A
CUST00790,JioHotstar,36,35-44,Male,Bangalore,53,2019-08-15,Kannada,Standard,Credit Card,Monthly,No, ₹ 296.93 ," ₹ 14,035.02 ",0,0,0,No,843  min,196  min,21,82.2,17  days,2023-12-30,2  days,56  %,22  nos,Drama,13,7,1,Laptop,3,1,0,4G,0,1,4,42,10,0,0,N/A
CUST00791,JioHotstar,21,18-24,Female,Jaipur,27,2021-09-20,Telugu,Premium,Credit Card,Monthly,No, ₹ 491.25 ," ₹ 12,168.41 ",1,0,2,No,903  min,210  min,8,32.5,9  days,2023-12-22,10  days,64.2  %,18  nos,Comedy,17,5,4,Smart TV,4,0,1,WiFi,1,4,4,18,19,0,0,N/A
CUST00792,SonyLiv,19,18-24,Female,Delhi,27,2021-10-08,Kannada,Family,Credit Card,Quarterly,Yes, ₹ 664.63 ," ₹ 15,626.26 ",0,0,0,No,177  min,41.2  min,33,48.6,19  days,2023-12-29,3  days,70.7  %,44  nos,Drama,35,4,4,Smart TV,4,1,0,4G,0,5,8,36,9,0,0,N/A
CUST00793,Amazon Prime,37,35-44,Male,Lucknow,43,2020-05-30,Malayalam,Premium,Wallet,Monthly,Yes, ₹ 474.36 ," ₹ 19,754.59 ",0,0,0,No,698  min,162.3  min,7,39.1,15  days,2023-12-30,2  days,65.1  %,55  nos,Sports,22,4,3,Tablet,5,1,0,5G,1,3,4,42,7,0,0,N/A
CUST00794,Amazon Prime,20,18-24,Female,Bangalore,33,2021-04-09,Telugu,Standard,UPI,Annual,Yes, ₹ 289.54 ," ₹ 8,782.57 ",1,0,0,Yes,387  min,90  min,2,75.3,15  days,2024-01-01,0  days,51.3  %,43  nos,Reality,39,4,2,Smart TV,1,2,2,WiFi,0,3,7,8,7,0,0,N/A
CUST00795,Amazon Prime,30,25-34,Female,Lucknow,58,2019-03-23,Marathi,Premium,UPI,Monthly,No, ₹ 514.85 ," ₹ 25,694.94 ",0,0,0,No,836  min,194.4  min,22,20.6,23  days,2023-12-24,8  days,68.3  %,44  nos,Documentary,16,4,2,Tablet,6,4,0,3G,1,4,2,42,14,0,0,N/A
CUST00796,Netflix,40,35-44,Male,Kolkata,49,2019-11-27,Gujarati,Basic,Net Banking,Quarterly,Yes, ₹ 154.46 ," ₹ 6,460.19 ",0,0,1,No,1834  min,426.5  min,19,56.7,14  days,2023-12-29,3  days,76.5  %,29  nos,Action,19,4,3,Mobile,1,1,2,WiFi,0,3,6,24,2,46.9,0,N/A
CUST00797,SonyLiv,26,25-34,Male,Jaipur,43,2020-05-23,Malayalam,Standard,UPI,Monthly,Yes, ₹ 337.45 ," ₹ 14,129.95 ",0,0,0,No,1399  min,325.3  min,11,73.4,22  days,2024-01-01,0  days,65.4  %,0  nos,Drama,21,3,1,Laptop,5,0,0,WiFi,0,3,5,28,0,0,0,N/A
CUST00798,Netflix,31,25-34,Male,Ahmedabad,15,2022-09-28,Bengali,Basic,Debit Card,Monthly,No, ₹ 169.60 ," ₹ 2,349.99 ",0,0,0,Yes,268  min,62.3  min,8,46.4,18  days,2023-12-26,6  days,75.6  %,18  nos,Romance,11,3,3,Mobile,3,2,0,4G,0,2,3,8,5,84.4,1,Technical Issues
CUST00799,Netflix,38,35-44,Male,Mumbai,52,2019-08-26,Tamil,Basic,UPI,Monthly,Yes, ₹ 126.39 ," ₹ 5,944.03 ",0,0,0,No,1314  min,305.6  min,27,82.7,14  days,2023-12-29,3  days,63.6  %,38  nos,Comedy,6,4,3,Smart TV,7,3,0,WiFi,2,4,7,36,14,30.3,0,N/A
CUST00800,JioHotstar,45,45-54,Male,Bangalore,11,2023-02-05,Bengali,Premium,UPI,Monthly,No, ₹ 505.86 ," ₹ 5,216.60 ",1,0,1,Yes,1270  min,295.3  min,24,47.1,13  days,2023-12-25,7  days,78.9  %,42  nos,Action,26,4,4,Mobile,5,0,0,4G,1,5,2,21,9,0,0,N/A
CUST00801,ZEE5,25,25-34,Male,Lucknow,12,2022-12-19,Marathi,Standard,Debit Card,Monthly,Yes, ₹ 278.71 ," ₹ 3,032.47 ",1,0,0,No,816  min,189.8  min,22,43.2,21  days,2023-12-31,1  days,37.6  %,45  nos,Comedy,6,7,4,Tablet,4,1,1,4G,3,2,1,27,5,0,0,N/A
CUST00802,Amazon Prime,39,35-44,Female,Delhi,24,2021-12-31,Telugu,Standard,UPI,Monthly,No, ₹ 308.69 ," ₹ 7,174.38 ",0,0,0,No,583  min,135.6  min,27,44.7,0  days,2023-12-25,7  days,49.2  %,53  nos,Horror,10,7,3,Smart TV,2,0,0,4G,0,2,9,36,19,0,0,N/A
CUST00803,Netflix,37,35-44,Female,Jaipur,16,2022-08-22,Telugu,Standard,UPI,Quarterly,No, ₹ 325.03 ," ₹ 4,816.23 ",2,0,0,No,731  min,170  min,21,8.3,6  days,2024-01-01,0  days,49  %,59  nos,Sports,0,5,3,Laptop,3,1,3,4G,1,4,6,37,8,0,1,Financial Constraint
CUST00804,Amazon Prime,25,25-34,Female,Chennai,18,2022-06-26,Tamil,Premium,Debit Card,Monthly,Yes, ₹ 516.21 ," ₹ 8,533.66 ",1,0,0,Yes,843  min,196  min,23,70.5,19  days,2023-12-25,7  days,47  %,60  nos,Reality,19,1,3,Mobile,1,0,0,WiFi,1,5,7,2,11,0,0,N/A
CUST00805,JioHotstar,29,25-34,Female,Bangalore,36,2020-12-27,Bengali,Basic,UPI,Quarterly,Yes, ₹ 145.30 ," ₹ 4,810.46 ",0,1,0,No,0  min,0  min,20,69.5,11  days,2023-12-25,7  days,65.2  %,52  nos,Action,6,2,2,Mobile,4,0,0,4G,0,2,8,16,14,37.7,1,Price
CUST00806,Netflix,36,35-44,Male,Jaipur,41,2020-08-12,Telugu,Standard,UPI,Monthly,Yes, ₹ 300.67 ," ₹ 12,151.78 ",1,0,2,No,559  min,130  min,33,54.4,20  days,2023-12-20,12  days,78.2  %,31  nos,Sci-Fi,13,5,4,Laptop,1,1,1,WiFi,0,2,5,43,16,0,0,N/A
CUST00807,JioHotstar,26,25-34,Male,Mumbai,18,2022-07-05,Kannada,Standard,Credit Card,Monthly,Yes, ₹ 310.56 ," ₹ 5,182.73 ",0,0,0,No,1098  min,255.3  min,17,68.4,18  days,2023-12-31,1  days,56.3  %,27  nos,Romance,20,8,3,Mobile,2,1,1,4G,3,2,6,24,11,0,0,N/A
CUST00808,JioHotstar,35,35-44,Female,Ahmedabad,8,2023-04-18,Tamil,Standard,Credit Card,Annual,Yes, ₹ 281.39 ," ₹ 1,968.54 ",0,0,1,Yes,1111  min,258.4  min,17,61.2,13  days,2023-12-31,1  days,79.5  %,21  nos,Documentary,10,1,6,Laptop,3,0,0,WiFi,0,3,3,25,8,0,0,N/A
CUST00809,Amazon Prime,26,25-34,Female,Bangalore,14,2022-11-01,English,Premium,UPI,Monthly,Yes, ₹ 500.10 ," ₹ 6,508.22 ",0,0,2,Yes,1775  min,412.8  min,32,67.8,21  days,2023-12-25,7  days,64.1  %,24  nos,Romance,14,3,3,Tablet,3,2,2,WiFi,1,4,6,30,8,0,0,N/A
CUST00810,Amazon Prime,36,35-44,Male,Pune,54,2019-07-07,Tamil,Premium,Debit Card,Monthly,No, ₹ 507.44 ," ₹ 27,324.30 ",0,0,1,No,1586  min,368.8  min,11,27.7,20  days,2024-01-01,0  days,54.3  %,29  nos,Documentary,10,6,4,Laptop,4,1,0,WiFi,0,1,2,15,8,0,0,N/A
CUST00811,Amazon Prime,20,18-24,Female,Kolkata,26,2021-11-03,Tamil,Standard,Net Banking,Annual,Yes, ₹ 312.24 ," ₹ 7,275.59 ",0,0,0,No,993  min,230.9  min,18,65.1,0  days,2023-12-27,5  days,29.6  %,44  nos,Documentary,16,9,5,Mobile,4,4,1,5G,0,4,7,6,6,0,0,N/A
CUST00812,Amazon Prime,41,35-44,Female,Bangalore,32,2021-05-11,Bengali,Basic,Net Banking,Monthly,Yes, ₹ 124.09 ," ₹ 3,550.84 ",0,0,0,No,969  min,225.3  min,5,58.4,9  days,2023-12-30,2  days,76.1  %,55  nos,Horror,13,2,2,Smart TV,3,0,1,WiFi,0,3,3,20,7,48,0,N/A
CUST00813,JioHotstar,44,35-44,Female,Lucknow,35,2021-02-05,Malayalam,Premium,UPI,Monthly,Yes, ₹ 493.77 ," ₹ 15,933.14 ",1,0,1,No,1655  min,384.9  min,13,25.3,13  days,2023-12-28,4  days,47.8  %,46  nos,Sci-Fi,6,5,5,Desktop,5,0,1,5G,0,1,4,10,10,0,0,N/A
CUST00814,Amazon Prime,30,25-34,Female,Ahmedabad,18,2022-07-09,Bengali,Family,Debit Card,Monthly,Yes, ₹ 636.43 ," ₹ 10,326.25 ",0,0,0,No,262  min,60.9  min,20,40.2,15  days,2023-12-31,1  days,47.2  %,59  nos,Sci-Fi,0,9,1,Tablet,3,1,1,WiFi,1,3,6,9,10,0,0,N/A
CUST00815,JioHotstar,18,18-24,Male,Pune,57,2019-04-19,Tamil,Premium,Debit Card,Quarterly,Yes, ₹ 492.28 ," ₹ 25,695.60 ",0,0,0,No,976  min,227  min,18,57.5,0  days,2023-12-31,1  days,79.6  %,41  nos,Sports,10,8,4,Laptop,3,2,0,WiFi,1,2,3,35,6,0,0,N/A
CUST00816,Amazon Prime,36,35-44,Male,Delhi,60,2019-01-14,Marathi,Family,Credit Card,Annual,No, ₹ 659.14 ," ₹ 34,890.47 ",0,0,0,No,720  min,167.4  min,21,20.4,10  days,2023-12-26,6  days,75.4  %,78  nos,Thriller,24,4,5,Smart TV,6,1,2,WiFi,2,4,8,24,8,0,0,N/A
CUST00817,JioHotstar,41,35-44,Male,Mumbai,10,2023-02-18,English,Standard,Credit Card,Annual,No, ₹ 279.17 ," ₹ 2,721.21 ",0,1,1,Yes,991  min,230.5  min,21,36.2,20  days,2023-12-10,22  days,77.4  %,41  nos,Sports,26,5,1,Mobile,2,1,4,4G,0,3,1,41,10,0,0,N/A
CUST00818,ZEE5,27,25-34,Female,Hyderabad,54,2019-06-28,Gujarati,Standard,Debit Card,Quarterly,No, ₹ 292.27 ," ₹ 14,753.49 ",0,0,1,No,864  min,200.9  min,18,68.9,5  days,2024-01-01,0  days,83.1  %,43  nos,Drama,36,1,0,Smart TV,3,2,1,4G,0,4,7,19,3,0,0,N/A
CUST00819,Netflix,22,18-24,Female,Lucknow,45,2020-04-10,Telugu,Premium,Net Banking,Monthly,Yes, ₹ 502.50 ," ₹ 20,751.34 ",0,0,1,No,888  min,206.5  min,14,15.5,13  days,2023-12-30,2  days,65.8  %,15  nos,Comedy,7,5,1,Laptop,3,1,0,WiFi,1,2,5,15,7,0,0,N/A
CUST00820,Amazon Prime,28,25-34,Female,Pune,2,2023-10-20,Kannada,Standard,UPI,Annual,Yes, ₹ 299.36 , ₹ 529.14 ,1,0,0,No,456  min,106  min,14,28.7,18  days,2023-12-28,4  days,83.2  %,14  nos,Romance,0,8,4,Tablet,3,1,1,4G,0,4,6,60,4,0,0,N/A
CUST00821,JioHotstar,18,18-24,Female,Chennai,53,2019-08-09,Marathi,Premium,Net Banking,Quarterly,Yes, ₹ 502.27 ," ₹ 23,219.37 ",1,0,1,No,554  min,128.8  min,15,25,15  days,2023-12-27,5  days,66.7  %,39  nos,Drama,17,4,3,Mobile,3,0,1,4G,0,2,3,41,19,0,0,N/A
CUST00822,SonyLiv,41,35-44,Female,Delhi,23,2022-01-31,Marathi,Family,Debit Card,Monthly,Yes, ₹ 627.16 ," ₹ 14,405.21 ",1,0,0,Yes,778  min,180.9  min,18,83.5,20  days,2024-01-01,0  days,40.4  %,15  nos,Thriller,10,8,0,Laptop,6,3,0,WiFi,1,3,7,29,12,0,0,N/A
CUST00823,ZEE5,26,25-34,Male,Pune,2,2023-10-11,Malayalam,Premium,UPI,Monthly,Yes, ₹ 520.67 , ₹ 953.64 ,0,0,1,Yes,652  min,151.6  min,22,49.5,23  days,2023-12-31,1  days,13.7  %,12  nos,Documentary,5,8,2,Smart TV,2,1,1,WiFi,1,4,4,17,5,0,0,N/A
CUST00824,Amazon Prime,43,35-44,Female,Jaipur,9,2023-03-28,Tamil,Premium,UPI,Monthly,Yes, ₹ 490.08 ," ₹ 4,245.11 ",1,1,0,No,1114  min,259.1  min,0,22.7,14  days,2024-01-01,0  days,47.3  %,18  nos,Thriller,15,6,8,Mobile,6,1,0,WiFi,2,1,6,40,8,0,0,N/A
CUST00825,Amazon Prime,32,25-34,Female,Ahmedabad,2,2023-10-30,Hindi,Standard,Credit Card,Annual,Yes, ₹ 305.58 , ₹ 552.52 ,1,0,0,No,1083  min,251.9  min,12,54.4,15  days,2023-12-26,6  days,62.3  %,8  nos,Drama,7,1,1,Smart TV,2,3,2,5G,0,4,6,14,5,0,0,N/A
CUST00826,ZEE5,38,35-44,Male,Pune,60,2019-01-04,Malayalam,Basic,Wallet,Annual,No, ₹ 161.64 ," ₹ 8,309.64 ",0,1,0,No,1207  min,280.7  min,18,74.6,14  days,2024-01-01,0  days,22.6  %,39  nos,Comedy,21,3,5,Smart TV,3,1,0,WiFi,2,3,7,31,6,0,1,Found Alternative
CUST00827,SonyLiv,45,45-54,Male,Chennai,60,2019-01-23,Bengali,Standard,Credit Card,Monthly,Yes, ₹ 307.64 ," ₹ 18,282.01 ",1,2,0,No,980  min,227.9  min,28,54.4,17  days,2024-01-01,0  days,57.3  %,88  nos,Comedy,13,4,4,Mobile,3,0,1,5G,0,3,2,21,5,0,0,N/A
CUST00828,Netflix,27,25-34,Male,Pune,43,2020-05-31,Marathi,Family,UPI,Monthly,No, ₹ 686.12 ," ₹ 26,545.09 ",1,2,0,No,420  min,97.7  min,10,54.7,11  days,2023-12-31,1  days,72.5  %,91  nos,Action,12,6,1,Laptop,3,0,0,WiFi,0,2,7,48,7,0,0,N/A
CUST00829,JioHotstar,25,25-34,Female,Jaipur,12,2022-12-20,Tamil,Basic,Credit Card,Monthly,Yes, ₹ 150.82 ," ₹ 1,556.37 ",0,1,0,No,879  min,204.4  min,24,64.2,23  days,2023-12-22,10  days,59.7  %,30  nos,Sci-Fi,23,3,5,Desktop,1,0,0,5G,4,3,10,32,5,62.7,0,N/A
CUST00830,Netflix,35,35-44,Female,Mumbai,22,2022-03-05,Malayalam,Standard,UPI,Monthly,Yes, ₹ 290.34 ," ₹ 5,779.63 ",0,1,0,No,1112  min,258.6  min,12,7.6,24  days,2023-12-29,3  days,33.7  %,45  nos,Drama,0,4,2,Smart TV,4,1,0,4G,0,2,3,5,1,0,0,N/A
CUST00831,Netflix,18,18-24,Male,Bangalore,55,2019-05-28,Tamil,Basic,UPI,Monthly,Yes, ₹ 129.11 ," ₹ 6,980.60 ",0,0,0,Yes,1228  min,285.6  min,5,46.2,13  days,2024-01-01,0  days,66.1  %,45  nos,Thriller,14,2,3,Mobile,1,3,1,4G,0,4,7,37,4,12.4,0,N/A
CUST00832,JioHotstar,45,45-54,Male,Lucknow,36,2021-01-02,Gujarati,Standard,UPI,Annual,Yes, ₹ 299.52 ," ₹ 9,847.89 ",1,0,1,No,1325  min,308.1  min,14,67,17  days,2024-01-01,0  days,45  %,23  nos,Reality,13,4,1,Laptop,3,2,0,5G,3,2,0,49,3,0,0,N/A
CUST00833,SonyLiv,33,25-34,Female,Chennai,13,2022-11-24,Hindi,Basic,UPI,Annual,Yes, ₹ 145.82 ," ₹ 1,703.02 ",0,1,0,No,961  min,223.5  min,0,28.3,19  days,2023-12-31,1  days,69  %,77  nos,Sci-Fi,14,2,5,Tablet,1,0,2,WiFi,0,2,5,32,0,49.1,0,N/A
CUST00834,ZEE5,20,18-24,Male,Chennai,31,2021-05-18,Bengali,Standard,UPI,Monthly,No, ₹ 303.97 ," ₹ 9,315.49 ",0,0,0,No,471  min,109.5  min,22,38.2,18  days,2023-12-30,2  days,50.8  %,23  nos,Comedy,12,5,3,Mobile,1,0,0,5G,0,3,3,5,15,0,0,N/A
CUST00835,JioHotstar,27,25-34,Female,Hyderabad,53,2019-08-22,Gujarati,Basic,UPI,Monthly,Yes, ₹ 146.44 ," ₹ 7,229.65 ",1,0,1,Yes,846  min,196.7  min,9,7.8,18  days,2023-12-30,2  days,27.2  %,48  nos,Sci-Fi,12,5,1,Laptop,2,1,1,WiFi,1,4,10,30,12,14.1,0,N/A
CUST00836,Netflix,29,25-34,Male,Ahmedabad,30,2021-06-22,Gujarati,Family,UPI,Annual,Yes, ₹ 667.26 ," ₹ 18,208.87 ",0,0,0,No,1027  min,238.8  min,25,77.8,1  days,2023-12-26,6  days,65.5  %,46  nos,Sports,21,6,3,Mobile,2,0,1,5G,1,4,1,24,1,0,0,N/A
CUST00837,Netflix,25,25-34,Female,Hyderabad,36,2020-12-21,Tamil,Standard,Debit Card,Monthly,Yes, ₹ 248.90 ," ₹ 8,341.40 ",0,0,2,No,1146  min,266.5  min,27,37.9,9  days,2023-12-31,1  days,95.2  %,76  nos,Sports,9,8,0,Mobile,3,1,1,WiFi,0,4,7,22,5,0,0,N/A
CUST00838,JioHotstar,27,25-34,Female,Chennai,58,2019-03-12,Tamil,Standard,Wallet,Monthly,Yes, ₹ 281.02 ," ₹ 13,973.87 ",1,0,0,No,882  min,205.1  min,21,70.9,15  days,2024-01-01,0  days,64.3  %,43  nos,Documentary,15,3,0,Mobile,4,0,0,5G,3,4,8,0,6,0,0,N/A
CUST00839,ZEE5,41,35-44,Male,Bangalore,50,2019-11-16,Bengali,Basic,UPI,Quarterly,Yes, ₹ 125.64 ," ₹ 6,209.49 ",1,1,2,No,956  min,222.3  min,23,29.9,9  days,2023-12-28,4  days,92.6  %,50  nos,Drama,1,2,7,Mobile,3,1,0,WiFi,1,2,6,33,1,56.9,1,Financial Constraint
CUST00840,SonyLiv,25,25-34,Female,Chennai,27,2021-09-22,Tamil,Standard,Credit Card,Monthly,No, ₹ 335.60 ," ₹ 7,797.89 ",1,0,0,No,782  min,181.9  min,1,57,16  days,2023-12-29,3  days,59.4  %,23  nos,Romance,0,2,6,Mobile,7,0,1,WiFi,0,4,3,31,8,0,0,N/A
CUST00841,JioHotstar,20,18-24,Female,Chennai,31,2021-06-07,Tamil,Premium,Net Banking,Monthly,Yes, ₹ 488.70 ," ₹ 13,584.34 ",2,0,0,Yes,1198  min,278.6  min,7,29.7,11  days,2023-12-30,2  days,43.8  %,53  nos,Reality,30,3,0,Smart TV,4,1,0,4G,1,2,8,22,6,0,1,Price
CUST00842,JioHotstar,28,25-34,Male,Delhi,52,2019-09-10,Marathi,Premium,UPI,Monthly,No, ₹ 497.03 ," ₹ 22,959.07 ",0,0,0,No,1082  min,251.6  min,21,39.6,12  days,2023-12-27,5  days,80.1  %,50  nos,Documentary,16,3,4,Smart TV,3,1,0,5G,1,3,7,36,7,0,0,N/A
CUST00843,SonyLiv,21,18-24,Female,Chennai,36,2020-12-27,English,Basic,Net Banking,Annual,No, ₹ 138.62 ," ₹ 4,422.39 ",1,0,1,No,1001  min,232.8  min,17,44.7,15  days,2023-12-29,3  days,44  %,53  nos,Sci-Fi,12,7,2,Laptop,7,1,0,3G,0,2,8,19,1,15.7,0,N/A
CUST00844,JioHotstar,28,25-34,Female,Kolkata,58,2019-03-13,Bengali,Family,Debit Card,Monthly,Yes, ₹ 630.76 ," ₹ 32,475.23 ",1,1,0,No,1188  min,276.3  min,40,83,11  days,2023-12-25,7  days,56  %,39  nos,Action,9,4,3,Mobile,2,3,0,5G,1,1,3,16,15,0,1,Technical Issues
CUST00845,JioHotstar,31,25-34,Female,Delhi,54,2019-07-17,Malayalam,Standard,UPI,Monthly,Yes, ₹ 324.85 ," ₹ 17,345.19 ",1,0,0,No,171  min,39.8  min,20,50.2,19  days,2023-12-21,11  days,68.7  %,49  nos,Reality,25,6,3,Mobile,4,1,0,5G,0,3,3,27,15,0,0,N/A
CUST00846,Netflix,20,18-24,Male,Chennai,25,2021-11-24,Kannada,Premium,Net Banking,Monthly,Yes, ₹ 534.19 ," ₹ 12,233.44 ",0,2,0,No,1741  min,404.9  min,10,47.4,6  days,2023-12-31,1  days,50  %,14  nos,Sports,30,5,1,Mobile,7,1,0,WiFi,1,3,7,0,7,0,0,N/A
CUST00847,JioHotstar,23,18-24,Male,Mumbai,15,2022-09-16,Tamil,Basic,UPI,Monthly,No, ₹ 179.03 ," ₹ 2,605.65 ",2,2,1,No,528  min,122.8  min,17,33.4,29  days,2023-12-28,4  days,85.5  %,70  nos,Romance,23,6,3,Mobile,7,2,1,4G,0,3,7,34,2,48.1,0,N/A
CUST00848,ZEE5,18,18-24,Male,Mumbai,23,2022-02-06,Malayalam,Premium,Debit Card,Annual,Yes, ₹ 459.40 ," ₹ 9,866.42 ",1,0,0,No,1584  min,368.4  min,16,43.7,25  days,2024-01-01,0  days,44.7  %,22  nos,Horror,8,13,5,Laptop,2,1,0,4G,1,3,2,22,4,0,0,N/A
CUST00849,Netflix,42,35-44,Male,Delhi,23,2022-01-18,Marathi,Standard,Net Banking,Annual,Yes, ₹ 274.35 ," ₹ 6,147.90 ",0,0,0,Yes,587  min,136.5  min,14,47.1,8  days,2023-12-26,6  days,69.2  %,62  nos,Drama,11,7,2,Smart TV,4,1,1,WiFi,0,1,9,24,0,0,0,N/A
CUST00850,Netflix,36,35-44,Male,Kolkata,59,2019-02-13,Malayalam,Standard,UPI,Annual,No, ₹ 281.88 ," ₹ 16,529.41 ",1,0,1,No,870  min,202.3  min,4,56.9,13  days,2023-12-21,11  days,42.1  %,37  nos,Drama,10,4,3,Mobile,4,1,0,WiFi,2,2,5,20,0,0,0,N/A
CUST00851,JioHotstar,26,25-34,Male,Jaipur,37,2020-11-25,Tamil,Standard,Net Banking,Monthly,Yes, ₹ 276.79 ," ₹ 9,623.64 ",1,0,0,No,1120  min,260.5  min,19,60.9,9  days,2023-12-26,6  days,67.4  %,75  nos,Documentary,13,4,2,Tablet,6,0,0,WiFi,1,3,5,8,10,0,0,N/A
CUST00852,Amazon Prime,25,25-34,Male,Pune,8,2023-05-04,Bengali,Standard,Wallet,Monthly,Yes, ₹ 298.40 ," ₹ 2,324.94 ",1,0,0,Yes,1247  min,290  min,12,57,25  days,2023-12-28,4  days,74.5  %,68  nos,Comedy,15,1,1,Laptop,1,1,0,WiFi,2,3,8,14,10,0,0,N/A
CUST00853,SonyLiv,39,35-44,Non-Binary,Chennai,60,2019-01-05,Telugu,Standard,UPI,Monthly,Yes, ₹ 274.07 ," ₹ 16,356.86 ",2,0,0,No,1156  min,268.8  min,22,59.5,14  days,2023-12-28,4  days,88.3  %,31  nos,Sci-Fi,20,3,2,Laptop,4,2,0,WiFi,2,3,5,37,4,0,0,N/A
CUST00854,JioHotstar,19,18-24,Male,Jaipur,40,2020-08-30,Kannada,Standard,UPI,Annual,No, ₹ 315.25 ," ₹ 12,055.31 ",0,0,0,No,1047  min,243.5  min,9,75.4,26  days,2023-12-27,5  days,74.3  %,11  nos,Romance,13,4,3,Smart TV,7,1,1,WiFi,1,5,4,14,6,0,0,N/A
CUST00855,Netflix,32,25-34,Female,Delhi,48,2020-01-13,Tamil,Standard,UPI,Annual,No, ₹ 330.11 ," ₹ 14,844.55 ",0,0,1,Yes,747  min,173.7  min,21,35.1,5  days,2023-12-30,2  days,89.4  %,45  nos,Sports,12,3,1,Laptop,0,2,0,4G,0,3,6,4,12,0,0,N/A
CUST00856,SonyLiv,23,18-24,Male,Hyderabad,49,2019-11-24,Gujarati,Premium,UPI,Monthly,No, ₹ 496.24 ," ₹ 22,347.05 ",2,0,0,No,565  min,131.4  min,12,29.9,14  days,2024-01-01,0  days,81.1  %,42  nos,Reality,16,6,1,Smart TV,2,4,0,3G,0,2,6,43,5,0,1,Technical Issues
CUST00857,JioHotstar,34,25-34,Male,Hyderabad,33,2021-03-31,Tamil,Basic,Credit Card,Annual,Yes, ₹ 124.34 ," ₹ 3,642.85 ",0,0,0,No,1036  min,240.9  min,13,69.9,10  days,2023-12-28,4  days,39.6  %,46  nos,Action,21,3,4,Laptop,2,1,0,4G,0,3,7,20,7,38.7,0,N/A
CUST00858,ZEE5,24,18-24,Non-Binary,Chennai,46,2020-03-17,Malayalam,Standard,Net Banking,Monthly,Yes, ₹ 311.19 ," ₹ 13,881.90 ",2,0,2,No,516  min,120  min,24,45.1,22  days,2023-12-29,3  days,60.7  %,45  nos,Documentary,22,8,3,Mobile,2,1,4,4G,1,3,4,34,7,0,0,N/A
CUST00859,Amazon Prime,29,25-34,Male,Lucknow,4,2023-08-16,Marathi,Standard,Net Banking,Monthly,Yes, ₹ 294.02 ," ₹ 1,072.65 ",0,0,0,Yes,970  min,225.6  min,21,28.1,10  days,2023-12-30,2  days,100  %,18  nos,Thriller,23,4,5,Mobile,1,0,1,4G,1,2,7,23,8,0,0,N/A
CUST00860,Netflix,23,18-24,Male,Ahmedabad,50,2019-11-01,English,Standard,UPI,Monthly,Yes, ₹ 301.44 ," ₹ 14,360.65 ",1,0,1,No,947  min,220.2  min,21,13.2,6  days,2023-12-26,6  days,78.1  %,75  nos,Documentary,28,4,3,Laptop,4,1,1,WiFi,0,3,4,14,3,0,0,N/A
CUST00861,Netflix,34,25-34,Male,Pune,18,2022-07-04,Malayalam,Basic,UPI,Monthly,Yes, ₹ 160.21 ," ₹ 2,731.18 ",0,0,0,Yes,1489  min,346.3  min,22,57.9,11  days,2024-01-01,0  days,56.5  %,44  nos,Sci-Fi,41,5,2,Laptop,3,0,0,4G,0,1,8,46,8,77.3,1,Found Alternative
CUST00862,ZEE5,33,25-34,Male,Hyderabad,7,2023-05-21,Tamil,Basic,Wallet,Monthly,Yes, ₹ 175.35 ," ₹ 1,099.72 ",1,1,0,No,1567  min,364.4  min,21,55.9,24  days,2023-12-30,2  days,73  %,35  nos,Reality,26,2,2,Smart TV,1,0,0,5G,1,3,7,23,11,33.1,0,N/A
CUST00863,Netflix,24,18-24,Female,Bangalore,37,2020-12-01,Telugu,Family,UPI,Quarterly,Yes, ₹ 616.89 ," ₹ 20,682.25 ",0,0,0,Yes,1207  min,280.7  min,12,40.2,13  days,2023-12-28,4  days,52.1  %,55  nos,Sci-Fi,13,5,2,Laptop,4,0,0,5G,3,3,10,21,3,0,0,N/A
CUST00864,Netflix,29,25-34,Female,Mumbai,43,2020-06-06,Hindi,Family,UPI,Annual,Yes, ₹ 626.90 ," ₹ 26,690.83 ",0,0,0,No,761  min,177  min,29,26.3,19  days,2024-01-01,0  days,65.5  %,62  nos,Drama,27,4,3,Mobile,1,2,0,WiFi,1,4,6,23,8,0,0,N/A
CUST00865,ZEE5,31,25-34,Male,Lucknow,11,2023-01-19,Marathi,Family,UPI,Monthly,Yes, ₹ 644.82 ," ₹ 6,505.65 ",2,0,0,Yes,542  min,126  min,11,36.7,16  days,2024-01-01,0  days,62.7  %,0  nos,Sports,24,6,3,Mobile,5,0,1,WiFi,0,4,3,26,0,0,0,N/A
CUST00866,ZEE5,35,35-44,Male,Pune,3,2023-09-08,Marathi,Basic,Wallet,Monthly,No, ₹ 174.33 , ₹ 496.29 ,1,0,1,No,696  min,161.9  min,13,26.6,6  days,2024-01-01,0  days,54.5  %,49  nos,Reality,10,6,3,Mobile,3,4,0,4G,1,3,4,12,3,47.4,0,N/A
CUST00867,Amazon Prime,40,35-44,Female,Lucknow,48,2019-12-25,Gujarati,Standard,Net Banking,Quarterly,Yes, ₹ 292.46 ," ₹ 12,217.64 ",1,1,0,No,727  min,169.1  min,14,61.7,7  days,2023-12-25,7  days,40.9  %,31  nos,Romance,3,3,5,Tablet,2,2,0,WiFi,1,2,6,37,2,0,0,N/A
CUST00868,Netflix,51,45-54,Male,Delhi,22,2022-02-12,Gujarati,Standard,Credit Card,Monthly,No, ₹ 277.45 ," ₹ 5,451.27 ",1,0,1,No,4  min,0.9  min,24,16.5,0  days,2023-12-30,2  days,50.7  %,47  nos,Action,25,4,1,Smart TV,3,1,0,WiFi,0,4,6,36,2,0,0,N/A
CUST00869,Amazon Prime,33,25-34,Female,Lucknow,38,2020-11-16,Tamil,Standard,Net Banking,Monthly,Yes, ₹ 248.84 ," ₹ 8,467.23 ",0,1,0,Yes,791  min,184  min,11,64.4,6  days,2024-01-01,0  days,70.9  %,59  nos,Sports,18,2,2,Mobile,3,1,1,5G,1,2,3,15,8,0,0,N/A
CUST00870,JioHotstar,30,25-34,Female,Bangalore,35,2021-01-25,Marathi,Premium,UPI,Monthly,Yes, ₹ 504.73 ," ₹ 15,507.81 ",0,0,0,Yes,1214  min,282.3  min,31,40.8,17  days,2023-12-20,12  days,70.9  %,30  nos,Horror,0,2,5,Mobile,10,0,0,WiFi,2,4,4,30,10,0,0,N/A
CUST00871,JioHotstar,37,35-44,Male,Pune,15,2022-10-07,English,Family,UPI,Monthly,No, ₹ 643.64 ," ₹ 9,410.30 ",0,0,0,No,1174  min,273  min,16,49.4,14  days,2023-12-31,1  days,14.6  %,72  nos,Documentary,13,2,2,Laptop,2,1,1,WiFi,0,3,5,15,4,0,0,N/A
CUST00872,Netflix,43,35-44,Male,Chennai,43,2020-06-07,Bengali,Premium,Credit Card,Quarterly,No, ₹ 507.82 ," ₹ 20,611.87 ",0,0,0,Yes,990  min,230.2  min,8,43,13  days,2023-12-31,1  days,53.2  %,38  nos,Romance,22,3,1,Smart TV,5,1,1,WiFi,1,3,2,28,7,0,0,N/A
CUST00873,Amazon Prime,33,25-34,Female,Chennai,56,2019-05-05,Malayalam,Basic,UPI,Quarterly,Yes, ₹ 141.08 ," ₹ 7,624.51 ",0,1,1,Yes,732  min,170.2  min,21,46,5  days,2024-01-01,0  days,94.8  %,32  nos,Thriller,4,6,4,Mobile,0,0,2,WiFi,1,4,4,52,6,34.3,0,N/A
CUST00874,SonyLiv,37,35-44,Male,Jaipur,23,2022-01-31,Tamil,Family,UPI,Quarterly,No, ₹ 666.05 ," ₹ 13,936.30 ",2,0,0,No,831  min,193.3  min,22,17.3,14  days,2023-12-24,8  days,89.8  %,36  nos,Romance,26,8,2,Tablet,2,1,1,WiFi,0,3,6,26,17,0,0,N/A
CUST00875,Amazon Prime,20,18-24,Female,Chennai,6,2023-06-08,Gujarati,Premium,UPI,Monthly,Yes, ₹ 479.86 ," ₹ 2,654.08 ",2,0,0,Yes,931  min,216.5  min,8,42,13  days,2023-12-29,3  days,74.4  %,45  nos,Action,31,9,3,Laptop,2,1,0,WiFi,1,4,2,17,7,0,0,N/A
CUST00876,SonyLiv,18,18-24,Male,Lucknow,26,2021-11-03,Malayalam,Premium,Credit Card,Annual,Yes, ₹ 514.71 ," ₹ 12,386.04 ",1,0,0,No,619  min,144  min,7,54,14  days,2023-12-23,9  days,66.1  %,32  nos,Thriller,0,7,2,Laptop,5,2,0,WiFi,1,3,9,28,5,0,0,N/A
CUST00877,Netflix,27,25-34,Female,Kolkata,12,2022-12-08,Marathi,Standard,UPI,Monthly,Yes, ₹ 316.19 ," ₹ 3,764.01 ",1,0,2,No,689  min,160.2  min,13,95.5,16  days,2024-01-01,0  days,88.9  %,33  nos,Thriller,2,6,3,Mobile,5,2,0,WiFi,0,3,4,9,12,0,0,N/A
CUST00878,Amazon Prime,18,18-24,Female,Delhi,58,2019-03-11,Telugu,Standard,UPI,Monthly,Yes, ₹ 311.34 ," ₹ 16,209.21 ",1,0,0,Yes,335  min,77.9  min,33,49.7,17  days,2023-12-14,18  days,86.2  %,50  nos,Drama,21,6,2,Smart TV,3,1,1,4G,0,2,5,6,1,0,0,N/A
CUST00879,Netflix,33,25-34,Female,Hyderabad,3,2023-09-15,Tamil,Family,Net Banking,Monthly,Yes, ₹ 646.45 ," ₹ 1,665.44 ",0,2,0,No,1382  min,321.4  min,21,50.6,20  days,2024-01-01,0  days,85.4  %,39  nos,Reality,21,4,2,Mobile,2,0,0,WiFi,2,3,8,40,0,0,0,N/A
CUST00880,JioHotstar,37,35-44,Male,Ahmedabad,40,2020-09-18,Kannada,Basic,Debit Card,Monthly,No, ₹ 118.89 ," ₹ 4,529.39 ",2,3,1,No,500  min,116.3  min,10,62.9,8  days,2023-12-24,8  days,98.4  %,27  nos,Horror,21,6,4,Desktop,3,0,0,4G,1,2,6,38,5,48.5,1,Infrequent Usage
CUST00881,Amazon Prime,31,25-34,Female,Chennai,10,2023-02-10,Bengali,Standard,UPI,Annual,No, ₹ 322.81 ," ₹ 3,170.93 ",0,0,0,No,387  min,90  min,15,26.1,9  days,2024-01-01,0  days,51.1  %,65  nos,Action,22,5,4,Smart TV,3,3,0,WiFi,0,3,4,8,4,0,1,Content
CUST00882,SonyLiv,18,18-24,Female,Pune,9,2023-03-21,Marathi,Basic,Credit Card,Annual,Yes, ₹ 176.62 ," ₹ 1,458.99 ",0,0,0,No,788  min,183.3  min,15,25.5,21  days,2024-01-01,0  days,37  %,47  nos,Sci-Fi,22,6,3,Mobile,4,0,0,WiFi,0,2,8,29,0,59.8,0,N/A
CUST00883,JioHotstar,36,35-44,Male,Chennai,49,2019-12-04,Telugu,Standard,UPI,Annual,No, ₹ 278.29 ," ₹ 12,334.12 ",0,0,1,No,766  min,178.1  min,14,12.7,16  days,2023-12-29,3  days,66.2  %,1  nos,Documentary,31,6,0,Mobile,1,1,0,WiFi,2,3,4,15,0,0,0,N/A
CUST00884,Amazon Prime,20,18-24,Female,Ahmedabad,21,2022-03-27,Kannada,Basic,UPI,Quarterly,Yes, ₹ 131.33 ," ₹ 2,503.22 ",1,0,1,No,754  min,175.3  min,10,37.2,19  days,2024-01-01,0  days,72.1  %,17  nos,Comedy,33,5,1,Tablet,0,1,2,WiFi,1,5,5,37,12,6.2,0,N/A
CUST00885,JioHotstar,34,25-34,Male,Lucknow,53,2019-08-10,Tamil,Standard,Debit Card,Annual,Yes, ₹ 303.39 ," ₹ 14,431.08 ",0,0,0,Yes,2172  min,505.1  min,11,27.4,8  days,2023-12-26,6  days,51.5  %,29  nos,Comedy,24,8,5,Laptop,3,0,2,4G,1,1,3,18,10,0,0,N/A
CUST00886,SonyLiv,24,18-24,Female,Mumbai,47,2020-02-17,English,Premium,UPI,Monthly,No, ₹ 501.51 ," ₹ 20,221.84 ",0,0,0,No,897  min,208.6  min,34,16.5,6  days,2023-12-31,1  days,62  %,52  nos,Horror,11,4,2,Tablet,3,0,0,WiFi,1,3,9,25,10,0,0,N/A
CUST00887,ZEE5,26,25-34,Male,Delhi,25,2021-11-19,Marathi,Standard,UPI,Monthly,Yes, ₹ 287.68 ," ₹ 6,425.77 ",0,0,1,Yes,1063  min,247.2  min,21,18.3,8  days,2023-12-29,3  days,82  %,18  nos,Sports,7,6,2,Mobile,1,3,0,5G,2,1,5,11,0,0,1,Price
CUST00888,ZEE5,38,35-44,Male,Jaipur,38,2020-10-27,Malayalam,Premium,UPI,Annual,Yes, ₹ 498.79 ," ₹ 16,433.21 ",0,1,1,No,163  min,37.9  min,13,13.6,11  days,2023-12-16,16  days,85.8  %,13  nos,Sci-Fi,17,7,1,Mobile,2,1,1,WiFi,3,3,7,20,14,0,0,N/A
CUST00889,Amazon Prime,36,35-44,Male,Mumbai,41,2020-08-19,Marathi,Family,Debit Card,Monthly,No, ₹ 630.26 ," ₹ 25,725.53 ",0,0,1,No,852  min,198.1  min,19,30,16  days,2023-12-29,3  days,79.5  %,53  nos,Reality,11,6,1,Mobile,1,1,0,WiFi,3,1,6,60,6,0,1,Content
CUST00890,Netflix,41,35-44,Female,Pune,11,2023-01-30,English,Family,UPI,Quarterly,No, ₹ 663.84 ," ₹ 6,558.18 ",0,0,0,No,1015  min,236  min,8,28.6,20  days,2024-01-01,0  days,58.2  %,66  nos,Drama,1,4,4,Mobile,3,0,0,3G,1,4,5,19,15,0,0,N/A
CUST00891,JioHotstar,29,25-34,Female,Bangalore,25,2021-11-15,Bengali,Basic,UPI,Monthly,No, ₹ 154.55 ," ₹ 3,567.95 ",0,0,0,No,255  min,59.3  min,13,20.6,19  days,2023-12-30,2  days,81.9  %,32  nos,Action,8,8,1,Smart TV,5,1,1,4G,0,3,8,38,3,22,0,N/A
CUST00892,ZEE5,25,25-34,Male,Kolkata,52,2019-09-19,Malayalam,Premium,Credit Card,Monthly,No, ₹ 505.40 ," ₹ 25,991.23 ",1,0,0,Yes,1299  min,302.1  min,15,55.7,7  days,2023-12-25,7  days,57.3  %,0  nos,Reality,2,3,1,Mobile,4,0,1,WiFi,2,2,7,54,9,0,0,N/A
CUST00893,Amazon Prime,28,25-34,Male,Kolkata,48,2020-01-05,Kannada,Standard,UPI,Annual,No, ₹ 272.72 ," ₹ 11,926.54 ",1,1,0,No,589  min,137  min,9,65.4,14  days,2023-12-30,2  days,61.3  %,40  nos,Horror,13,3,4,Laptop,4,0,0,4G,1,5,7,14,5,0,0,N/A
CUST00894,Netflix,34,25-34,Female,Delhi,55,2019-05-28,Marathi,Premium,UPI,Monthly,Yes, ₹ 509.92 ," ₹ 27,044.64 ",0,0,1,Yes,981  min,228.1  min,13,35.5,18  days,2023-12-27,5  days,68.3  %,29  nos,Comedy,20,2,0,Mobile,6,1,0,WiFi,0,3,2,23,5,0,0,N/A
CUST00895,SonyLiv,33,25-34,Female,Mumbai,50,2019-11-13,Hindi,Premium,Credit Card,Annual,Yes, ₹ 493.30 ," ₹ 23,121.30 ",0,0,0,No,1236  min,287.4  min,10,13.7,13  days,2023-12-24,8  days,58.1  %,9  nos,Sci-Fi,23,6,2,Smart TV,5,1,2,WiFi,0,3,1,38,10,0,0,N/A
CUST00896,JioHotstar,51,45-54,Male,Bangalore,14,2022-10-20,English,Basic,Net Banking,Monthly,Yes, ₹ 152.60 ," ₹ 2,035.65 ",0,0,0,Yes,1162  min,270.2  min,12,15.1,24  days,2023-12-31,1  days,68.6  %,48  nos,Drama,30,4,5,Mobile,3,2,0,4G,0,2,1,26,3,65.3,0,N/A
CUST00897,SonyLiv,37,35-44,Female,Ahmedabad,42,2020-07-11,Tamil,Standard,Net Banking,Quarterly,No, ₹ 300.33 ," ₹ 11,559.06 ",0,0,1,No,1006  min,234  min,14,31.4,16  days,2023-12-28,4  days,96.4  %,50  nos,Drama,2,9,3,Mobile,4,1,0,WiFi,2,4,4,33,6,0,0,N/A
CUST00898,JioHotstar,26,25-34,Non-Binary,Delhi,48,2019-12-24,English,Basic,UPI,Annual,Yes, ₹ 134.34 ," ₹ 5,862.81 ",0,0,0,No,622  min,144.7  min,11,73,18  days,2023-12-26,6  days,71.2  %,85  nos,Romance,27,4,6,Smart TV,3,0,1,4G,0,3,8,24,14,21.7,0,N/A
CUST00899,Amazon Prime,43,35-44,Female,Chennai,37,2020-12-11,Hindi,Premium,Wallet,Monthly,No, ₹ 527.15 ," ₹ 16,768.02 ",1,2,2,Yes,435  min,101.2  min,8,51.3,10  days,2024-01-01,0  days,69  %,46  nos,Horror,18,10,1,Tablet,1,1,1,WiFi,1,4,7,34,2,0,0,N/A
CUST00900,Amazon Prime,19,18-24,Female,Ahmedabad,1,2023-11-08,English,Standard,Net Banking,Annual,Yes, ₹ 311.39 , ₹ 292.96 ,1,0,0,No,678  min,157.7  min,1,61,28  days,2023-12-27,5  days,40.1  %,14  nos,Reality,22,3,2,Mobile,0,1,1,5G,1,3,5,21,4,0,0,N/A
CUST00901,JioHotstar,45,45-54,Male,Ahmedabad,21,2022-03-28,Malayalam,Standard,Wallet,Monthly,Yes, ₹ 316.97 ," ₹ 5,700.55 ",1,0,0,No,1089  min,253.3  min,23,50.6,0  days,2023-12-28,4  days,67.1  %,61  nos,Sci-Fi,31,7,6,Tablet,3,0,0,WiFi,0,5,9,21,8,0,0,N/A
CUST00902,ZEE5,31,25-34,Male,Ahmedabad,31,2021-05-20,Tamil,Basic,Net Banking,Monthly,Yes, ₹ 155.56 ," ₹ 4,199.86 ",0,0,1,No,857  min,199.3  min,22,52.7,19  days,2023-12-28,4  days,42.6  %,35  nos,Comedy,25,3,3,Mobile,2,0,0,WiFi,0,2,5,39,5,68.6,0,N/A
CUST00903,JioHotstar,18,18-24,Male,Lucknow,13,2022-11-21,Telugu,Basic,Credit Card,Monthly,Yes, ₹ 142.03 ," ₹ 1,575.44 ",0,1,1,No,1214  min,282.3  min,16,50.5,11  days,2023-12-27,5  days,90.9  %,42  nos,Romance,2,4,4,Laptop,4,2,0,5G,2,2,3,38,16,36.8,1,Price
CUST00904,JioHotstar,33,25-34,Male,Pune,59,2019-02-22,Tamil,Standard,Debit Card,Monthly,Yes, ₹ 314.53 ," ₹ 18,426.30 ",0,1,1,No,929  min,216  min,10,94.1,0  days,2023-12-23,9  days,50.5  %,31  nos,Reality,0,3,2,Mobile,3,0,1,WiFi,1,2,1,26,8,0,0,N/A
CUST00905,SonyLiv,35,35-44,Male,Mumbai,22,2022-03-12,Tamil,Standard,Credit Card,Quarterly,Yes, ₹ 313.83 ," ₹ 6,489.09 ",1,0,0,No,1080  min,251.2  min,9,50.9,19  days,2023-12-27,5  days,71  %,25  nos,Horror,35,4,5,Laptop,3,1,0,5G,3,2,7,33,10,0,0,N/A
CUST00906,Amazon Prime,40,35-44,Non-Binary,Delhi,2,2023-10-27,Malayalam,Standard,UPI,Annual,Yes, ₹ 280.34 , ₹ 553.12 ,1,0,1,No,976  min,227  min,1,63.2,12  days,2023-12-25,7  days,57.9  %,51  nos,Sci-Fi,17,12,0,Laptop,4,1,1,4G,0,4,6,46,5,0,0,N/A
CUST00907,Amazon Prime,26,25-34,Male,Bangalore,22,2022-02-11,Telugu,Premium,Debit Card,Annual,Yes, ₹ 516.63 ," ₹ 10,621.34 ",0,0,0,No,1726  min,401.4  min,11,67.2,26  days,2023-12-31,1  days,62.3  %,51  nos,Horror,17,2,4,Smart TV,2,0,1,WiFi,3,2,5,11,9,0,0,N/A
CUST00908,JioHotstar,31,25-34,Male,Ahmedabad,32,2021-04-29,Bengali,Basic,Credit Card,Monthly,No, ₹ 148.54 ," ₹ 4,547.87 ",0,1,0,No,950  min,220.9  min,11,5,14  days,2023-12-31,1  days,81.6  %,53  nos,Action,1,4,3,Smart TV,1,1,0,WiFi,1,2,6,35,13,39.7,1,Content
CUST00909,JioHotstar,33,25-34,Female,Kolkata,22,2022-02-15,Malayalam,Family,Debit Card,Monthly,No, ₹ 661.39 ," ₹ 13,777.60 ",0,0,2,No,1085  min,252.3  min,25,38.2,7  days,2023-12-27,5  days,55.9  %,37  nos,Reality,10,11,6,Smart TV,1,4,0,WiFi,1,2,0,25,15,0,1,Infrequent Usage
CUST00910,Amazon Prime,18,18-24,Female,Chennai,54,2019-06-27,Kannada,Standard,UPI,Monthly,Yes, ₹ 294.14 ," ₹ 13,844.25 ",0,0,0,Yes,603  min,140.2  min,27,42,11  days,2023-12-27,5  days,55.9  %,71  nos,Documentary,7,5,3,Mobile,1,0,0,4G,0,3,8,19,7,0,0,N/A
CUST00911,Netflix,31,25-34,Female,Jaipur,11,2023-01-15,Malayalam,Premium,UPI,Monthly,Yes, ₹ 531.25 ," ₹ 5,586.30 ",0,0,1,No,1256  min,292.1  min,8,46.7,6  days,2023-12-14,18  days,45.7  %,51  nos,Comedy,30,5,1,Smart TV,2,2,2,WiFi,3,1,6,28,10,0,1,Price
CUST00912,Amazon Prime,30,25-34,Male,Bangalore,22,2022-02-25,Kannada,Standard,Debit Card,Quarterly,Yes, ₹ 302.22 ," ₹ 5,977.25 ",0,0,2,No,692  min,160.9  min,19,37.4,0  days,2023-12-25,7  days,58.8  %,54  nos,Action,36,6,3,Smart TV,1,2,0,WiFi,2,3,10,20,0,0,0,N/A
CUST00913,Netflix,38,35-44,Female,Bangalore,34,2021-02-18,English,Family,UPI,Monthly,Yes, ₹ 683.88 ," ₹ 22,253.90 ",0,0,0,Yes,1111  min,258.4  min,16,69.9,5  days,2023-12-28,4  days,56.3  %,56  nos,Horror,6,5,2,Desktop,4,0,1,WiFi,0,3,5,25,5,0,0,N/A
CUST00914,SonyLiv,34,25-34,Male,Jaipur,5,2023-07-28,Gujarati,Standard,UPI,Quarterly,Yes, ₹ 297.27 ," ₹ 1,283.35 ",0,1,0,Yes,1477  min,343.5  min,25,69.3,22  days,2023-12-26,6  days,100  %,53  nos,Comedy,33,5,3,Mobile,6,2,1,5G,1,5,7,35,18,0,0,N/A
CUST00915,Netflix,36,35-44,Female,Jaipur,2,2023-10-14,Hindi,Standard,Net Banking,Monthly,Yes, ₹ 297.95 , ₹ 574.32 ,0,1,0,No,1665  min,387.2  min,17,17,0  days,2023-12-30,2  days,53.1  %,25  nos,Comedy,20,6,2,Smart TV,5,0,1,WiFi,1,2,10,24,5,0,0,N/A
CUST00916,JioHotstar,20,18-24,Male,Kolkata,34,2021-02-27,Hindi,Premium,Net Banking,Quarterly,Yes, ₹ 502.37 ," ₹ 16,029.28 ",0,0,0,Yes,283  min,65.8  min,0,39.8,11  days,2023-12-23,9  days,74.4  %,20  nos,Reality,19,3,2,Smart TV,4,1,1,WiFi,0,3,2,15,14,0,1,Infrequent Usage
CUST00917,Amazon Prime,18,18-24,Female,Pune,15,2022-09-23,Tamil,Standard,UPI,Annual,Yes, ₹ 312.55 ," ₹ 4,376.20 ",1,2,0,No,1497  min,348.1  min,0,45.7,11  days,2023-12-14,18  days,51  %,20  nos,Comedy,0,0,2,Laptop,6,1,0,4G,0,3,5,52,10,0,0,N/A
CUST00918,Netflix,47,45-54,Female,Pune,9,2023-04-02,Bengali,Standard,Credit Card,Annual,Yes, ₹ 321.63 ," ₹ 2,794.81 ",0,0,1,Yes,203  min,47.2  min,11,58.3,11  days,2023-12-30,2  days,54.7  %,40  nos,Drama,9,4,5,Mobile,3,0,0,5G,1,3,0,48,6,0,0,N/A
CUST00919,SonyLiv,41,35-44,Male,Lucknow,51,2019-10-18,Bengali,Premium,Debit Card,Annual,No, ₹ 522.22 ," ₹ 24,080.18 ",0,0,0,Yes,1525  min,354.7  min,12,5,11  days,2023-12-31,1  days,89.6  %,8  nos,Thriller,12,2,0,Smart TV,2,0,1,5G,0,3,4,15,8,0,0,N/A
CUST00920,Amazon Prime,18,18-24,Male,Chennai,57,2019-04-09,Tamil,Premium,UPI,Annual,Yes, ₹ 538.88 ," ₹ 27,617.02 ",0,0,0,No,685  min,159.3  min,17,34.9,30  days,2023-12-27,5  days,19.7  %,59  nos,Reality,4,6,5,Laptop,4,1,0,5G,1,3,8,4,11,0,0,N/A
CUST00921,JioHotstar,27,25-34,Female,Chennai,6,2023-06-26,English,Premium,UPI,Quarterly,No, ₹ 521.51 ," ₹ 3,104.08 ",0,0,0,No,164  min,38.1  min,17,32.7,10  days,2024-01-01,0  days,67.1  %,68  nos,Romance,14,6,4,Smart TV,7,1,0,4G,0,2,5,13,6,0,0,N/A
CUST00922,Netflix,34,25-34,Male,Chennai,29,2021-07-19,Marathi,Basic,Credit Card,Monthly,No, ₹ 142.13 ," ₹ 4,059.03 ",1,0,0,No,812  min,188.8  min,32,62.5,5  days,2023-12-30,2  days,56  %,12  nos,Romance,13,6,3,Smart TV,0,1,0,5G,0,4,6,9,19,20.7,0,N/A
CUST00923,ZEE5,24,18-24,Male,Mumbai,33,2021-04-01,Tamil,Basic,UPI,Monthly,No, ₹ 135.13 ," ₹ 4,178.21 ",1,1,0,No,1338  min,311.2  min,19,65.9,0  days,2023-12-31,1  days,85.3  %,40  nos,Romance,0,4,0,Mobile,0,1,0,4G,1,3,6,15,5,50.3,1,Found Alternative
CUST00924,Netflix,33,25-34,Male,Pune,3,2023-10-02,Hindi,Standard,UPI,Monthly,No, ₹ 339.50 , ₹ 953.84 ,0,0,0,Yes,1028  min,239.1  min,0,58.8,5  days,2024-01-01,0  days,100  %,37  nos,Drama,25,11,4,Desktop,2,0,0,5G,2,3,5,17,5,0,0,N/A
CUST00925,JioHotstar,18,18-24,Male,Kolkata,2,2023-10-14,Bengali,Family,UPI,Quarterly,No, ₹ 632.16 ," ₹ 1,263.53 ",1,1,0,Yes,404  min,94  min,20,69.5,11  days,2023-12-30,2  days,96.8  %,36  nos,Reality,13,7,5,Laptop,5,1,1,WiFi,0,3,8,17,0,0,0,N/A
CUST00926,Amazon Prime,34,25-34,Male,Mumbai,20,2022-04-25,Marathi,Basic,Credit Card,Annual,Yes, ₹ 141.49 ," ₹ 2,563.77 ",0,0,1,No,110  min,25.6  min,20,51.3,7  days,2024-01-01,0  days,100  %,70  nos,Sports,17,3,4,Smart TV,4,2,0,WiFi,0,4,9,17,8,36.2,0,N/A
CUST00927,Amazon Prime,33,25-34,Female,Hyderabad,32,2021-04-19,Marathi,Premium,UPI,Quarterly,No, ₹ 472.29 ," ₹ 14,378.12 ",0,1,1,No,311  min,72.3  min,28,49,21  days,2023-12-27,5  days,39.3  %,68  nos,Documentary,22,8,2,Mobile,3,0,0,WiFi,0,3,6,57,4,0,1,Infrequent Usage
CUST00928,JioHotstar,29,25-34,Male,Jaipur,59,2019-02-02,Tamil,Premium,Credit Card,Annual,No, ₹ 485.64 ," ₹ 24,978.26 ",1,2,0,No,674  min,156.7  min,24,41.8,3  days,2023-12-28,4  days,81.6  %,41  nos,Comedy,12,7,2,Tablet,3,0,1,4G,0,3,8,12,5,0,0,N/A
CUST00929,SonyLiv,32,25-34,Female,Pune,6,2023-06-18,Kannada,Premium,Wallet,Monthly,Yes, ₹ 486.56 ," ₹ 2,733.45 ",0,1,1,No,1354  min,314.9  min,19,69.1,13  days,2023-12-30,2  days,61.5  %,14  nos,Sports,0,5,1,Laptop,1,1,0,WiFi,1,3,7,31,6,0,0,N/A
CUST00930,JioHotstar,51,45-54,Male,Delhi,23,2022-02-04,Marathi,Standard,Credit Card,Quarterly,Yes, ₹ 309.22 ," ₹ 6,660.82 ",0,0,5,No,732  min,170.2  min,18,43.9,11  days,2023-12-29,3  days,74.9  %,9  nos,Drama,19,5,1,Mobile,3,1,0,4G,0,4,4,19,0,0,0,N/A
CUST00931,JioHotstar,30,25-34,Female,Mumbai,55,2019-06-21,Gujarati,Premium,Credit Card,Annual,Yes, ₹ 507.20 ," ₹ 24,994.35 ",1,0,0,No,1024  min,238.1  min,16,47.5,10  days,2023-12-28,4  days,67.3  %,35  nos,Romance,32,5,2,Laptop,0,0,0,4G,0,3,7,28,13,0,0,N/A
CUST00932,SonyLiv,28,25-34,Male,Mumbai,21,2022-04-06,English,Basic,UPI,Quarterly,Yes, ₹ 154.14 ," ₹ 2,971.15 ",1,0,0,Yes,1037  min,241.2  min,17,44.7,29  days,2024-01-01,0  days,58.4  %,70  nos,Horror,27,6,0,Laptop,5,2,1,WiFi,1,2,7,19,6,49.5,0,N/A
CUST00933,Amazon Prime,30,25-34,Male,Kolkata,30,2021-07-08,Malayalam,Standard,Debit Card,Quarterly,No, ₹ 290.31 ," ₹ 8,056.10 ",0,0,0,No,701  min,163  min,28,38.5,26  days,2023-12-31,1  days,30.1  %,59  nos,Romance,28,5,6,Laptop,4,1,0,5G,0,4,8,34,5,0,0,N/A
CUST00934,JioHotstar,35,35-44,Male,Lucknow,43,2020-06-10,Marathi,Family,Net Banking,Annual,Yes, ₹ 651.22 ," ₹ 27,846.07 ",0,0,1,No,1121  min,260.7  min,24,75,8  days,2023-12-24,8  days,80.9  %,62  nos,Drama,16,6,4,Smart TV,1,0,0,4G,0,3,6,38,7,0,0,N/A
CUST00935,JioHotstar,28,25-34,Female,Delhi,32,2021-05-15,Kannada,Premium,UPI,Annual,Yes, ₹ 467.86 ," ₹ 13,421.55 ",0,1,0,No,1340  min,311.6  min,13,64.3,16  days,2024-01-01,0  days,35.1  %,19  nos,Sci-Fi,20,3,5,Mobile,1,0,0,WiFi,0,2,5,42,2,0,1,Price
CUST00936,SonyLiv,18,18-24,Female,Jaipur,31,2021-06-05,English,Standard,Credit Card,Quarterly,Yes, ₹ 274.03 ," ₹ 8,399.34 ",2,0,0,No,387  min,90  min,29,42.5,12  days,2024-01-01,0  days,72.1  %,20  nos,Action,41,6,2,Mobile,1,0,0,WiFi,0,4,7,32,9,0,0,N/A
CUST00937,Netflix,31,25-34,Male,Bangalore,3,2023-09-12,Bengali,Standard,Credit Card,Quarterly,No, ₹ 321.86 , ₹ 831.87 ,0,2,1,No,1235  min,287.2  min,16,6.7,14  days,2023-12-28,4  days,51.2  %,41  nos,Thriller,23,3,1,Mobile,2,2,1,4G,0,3,7,23,1,0,0,N/A
CUST00938,ZEE5,30,25-34,Female,Mumbai,21,2022-03-23,Tamil,Basic,UPI,Quarterly,Yes, ₹ 141.75 ," ₹ 2,848.97 ",1,0,0,No,1691  min,393.3  min,21,60.8,21  days,2023-12-23,9  days,72.3  %,10  nos,Drama,18,9,2,Mobile,4,2,0,WiFi,0,3,7,16,11,35.9,0,N/A
CUST00939,ZEE5,24,18-24,Female,Ahmedabad,34,2021-02-19,Marathi,Premium,Credit Card,Annual,No, ₹ 448.81 ," ₹ 13,813.60 ",0,0,0,No,651  min,151.4  min,24,73.8,0  days,2023-12-21,11  days,57.1  %,29  nos,Documentary,27,4,5,Smart TV,1,2,1,WiFi,0,4,10,13,12,0,0,N/A
CUST00940,Amazon Prime,45,45-54,Male,Kolkata,46,2020-03-11,Marathi,Standard,Debit Card,Monthly,No, ₹ 291.80 ," ₹ 11,686.28 ",2,0,0,Yes,619  min,144  min,8,48.3,17  days,2023-12-28,4  days,65.9  %,65  nos,Drama,13,5,2,Smart TV,4,3,2,4G,1,4,7,20,5,0,0,N/A
CUST00941,ZEE5,36,35-44,Male,Kolkata,33,2021-03-29,English,Family,Debit Card,Quarterly,Yes, ₹ 641.12 ," ₹ 18,109.58 ",1,1,1,Yes,1650  min,383.7  min,18,32.4,6  days,2023-12-30,2  days,64.4  %,69  nos,Romance,0,4,4,Mobile,3,2,2,4G,2,3,6,34,0,0,1,Price
CUST00942,SonyLiv,35,35-44,Male,Kolkata,40,2020-08-20,Gujarati,Basic,UPI,Monthly,No, ₹ 199.46 ," ₹ 7,811.55 ",0,0,0,No,185  min,43  min,23,36.4,20  days,2023-12-31,1  days,73  %,67  nos,Thriller,23,2,4,Laptop,3,1,1,4G,0,5,5,13,0,0,0,N/A
CUST00943,Netflix,37,35-44,Female,Jaipur,59,2019-02-08,English,Basic,UPI,Monthly,No, ₹ 140.32 ," ₹ 7,121.49 ",0,0,0,No,759  min,176.5  min,14,22.3,19  days,2023-12-23,9  days,37.3  %,53  nos,Drama,36,2,1,Smart TV,2,3,3,WiFi,1,3,4,13,0,64.2,0,N/A
CUST00944,SonyLiv,25,25-34,Male,Chennai,57,2019-04-12,Bengali,Standard,Net Banking,Monthly,Yes, ₹ 280.49 ," ₹ 14,536.14 ",1,0,1,Yes,732  min,170.2  min,34,42.5,29  days,2023-12-22,10  days,66.6  %,71  nos,Horror,26,5,2,Mobile,3,0,0,4G,0,5,4,41,6,0,0,N/A
CUST00945,JioHotstar,20,18-24,Male,Lucknow,54,2019-06-28,Gujarati,Premium,Debit Card,Annual,Yes, ₹ 509.18 ," ₹ 25,841.77 ",0,0,2,No,1108  min,257.7  min,18,43.9,25  days,2023-12-31,1  days,84.3  %,21  nos,Drama,16,4,2,Smart TV,3,2,1,WiFi,1,4,1,25,13,0,0,N/A
CUST00946,Netflix,18,18-24,Female,Bangalore,53,2019-08-03,Hindi,Standard,Credit Card,Monthly,No, ₹ 301.58 ," ₹ 15,785.01 ",0,0,1,No,1130  min,262.8  min,26,32.6,11  days,2023-12-25,7  days,41.8  %,66  nos,Sports,15,2,1,Smart TV,3,2,1,5G,2,3,6,14,6,0,0,N/A
CUST00947,Amazon Prime,18,18-24,Male,Lucknow,48,2020-01-09,Gujarati,Family,Debit Card,Quarterly,Yes, ₹ 636.42 ," ₹ 28,116.50 ",0,0,0,Yes,850  min,197.7  min,10,58.3,15  days,2023-12-26,6  days,46  %,62  nos,Sci-Fi,31,5,4,Desktop,8,0,2,4G,0,4,10,26,8,0,0,N/A
CUST00948,Netflix,41,35-44,Female,Kolkata,60,2019-01-06,Bengali,Standard,UPI,Annual,Yes, ₹ 306.16 ," ₹ 16,273.85 ",0,0,0,Yes,585  min,136  min,4,61.7,17  days,2023-11-30,32  days,75  %,23  nos,Romance,13,3,4,Mobile,1,0,1,WiFi,1,4,6,23,13,0,0,N/A
CUST00949,Netflix,45,45-54,Female,Chennai,53,2019-08-12,Tamil,Premium,Net Banking,Monthly,Yes, ₹ 475.77 ," ₹ 24,128.84 ",1,1,0,No,951  min,221.2  min,26,45.3,8  days,2023-12-25,7  days,39.7  %,42  nos,Thriller,22,6,2,Laptop,2,1,0,4G,0,3,7,43,3,0,0,N/A
CUST00950,JioHotstar,39,35-44,Female,Chennai,15,2022-10-07,Marathi,Basic,Debit Card,Monthly,Yes, ₹ 147.14 ," ₹ 2,036.38 ",1,0,1,No,1462  min,340  min,19,28.6,29  days,2023-12-28,4  days,84.5  %,0  nos,Reality,16,5,3,Smart TV,1,1,0,WiFi,0,3,5,7,10,58.7,0,N/A
CUST00951,Netflix,28,25-34,Male,Pune,56,2019-05-12,Gujarati,Family,UPI,Monthly,No, ₹ 661.77 ," ₹ 36,657.80 ",0,2,0,No,549  min,127.7  min,11,67.6,16  days,2024-01-01,0  days,87.7  %,57  nos,Sports,9,5,1,Smart TV,5,1,0,WiFi,0,4,8,40,1,0,0,N/A
CUST00952,Netflix,24,18-24,Male,Pune,43,2020-05-25,Malayalam,Standard,Credit Card,Monthly,Yes, ₹ 281.46 ," ₹ 10,616.14 ",0,1,0,No,642  min,149.3  min,10,58.7,5  days,2023-12-29,3  days,46.8  %,54  nos,Action,11,6,3,Mobile,3,0,0,WiFi,1,3,7,44,4,0,1,Technical Issues
CUST00953,Netflix,36,35-44,Male,Pune,14,2022-10-09,Hindi,Premium,Debit Card,Monthly,Yes, ₹ 493.20 ," ₹ 6,515.74 ",0,0,0,No,1590  min,369.8  min,2,35.3,14  days,2023-12-24,8  days,91.2  %,48  nos,Documentary,0,2,2,Mobile,4,2,0,WiFi,2,3,4,29,7,0,0,N/A
CUST00954,SonyLiv,37,35-44,Female,Hyderabad,58,2019-03-17,Telugu,Basic,Debit Card,Monthly,Yes, ₹ 171.95 ," ₹ 9,682.45 ",0,0,0,No,904  min,210.2  min,13,77,13  days,2023-12-22,10  days,50.8  %,0  nos,Thriller,0,6,2,Smart TV,3,1,0,WiFi,1,3,10,38,6,38.6,0,N/A
CUST00955,JioHotstar,33,25-34,Female,Kolkata,56,2019-05-20,Malayalam,Basic,UPI,Monthly,Yes, ₹ 185.88 ," ₹ 9,799.72 ",0,1,0,No,429  min,99.8  min,21,71.9,7  days,2024-01-01,0  days,90.1  %,53  nos,Thriller,9,7,4,Mobile,4,0,0,WiFi,2,3,6,26,7,37.6,0,N/A
CUST00956,Amazon Prime,18,18-24,Female,Pune,31,2021-06-02,Telugu,Basic,UPI,Monthly,Yes, ₹ 132.81 ," ₹ 3,592.42 ",0,0,0,No,301  min,70  min,29,23.9,4  days,2023-12-24,8  days,71.9  %,41  nos,Reality,14,6,3,Laptop,5,2,0,WiFi,0,4,9,5,0,51.6,0,N/A
CUST00957,Netflix,28,25-34,Female,Pune,54,2019-06-29,Gujarati,Standard,UPI,Monthly,Yes, ₹ 260.49 ," ₹ 12,889.50 ",0,0,0,Yes,550  min,127.9  min,15,45.5,1  days,2024-01-01,0  days,60.8  %,40  nos,Comedy,0,1,7,Laptop,3,2,1,4G,1,3,4,20,7,0,0,N/A
CUST00958,Amazon Prime,18,18-24,Female,Chennai,15,2022-09-12,Marathi,Standard,UPI,Annual,No, ₹ 301.54 ," ₹ 4,102.07 ",0,0,0,No,1403  min,326.3  min,20,44.1,18  days,2024-01-01,0  days,76.5  %,27  nos,Action,20,5,0,Laptop,4,0,0,4G,1,3,8,31,8,0,0,N/A
CUST00959,Netflix,29,25-34,Female,Mumbai,27,2021-09-27,Marathi,Standard,UPI,Monthly,Yes, ₹ 268.34 ," ₹ 6,619.35 ",1,0,0,No,1422  min,330.7  min,31,28.3,30  days,2023-12-23,9  days,88  %,52  nos,Horror,14,11,3,Mobile,4,0,0,WiFi,1,5,3,7,13,0,0,N/A
CUST00960,Amazon Prime,30,25-34,Male,Lucknow,45,2020-04-21,Gujarati,Standard,UPI,Annual,No, ₹ 300.20 ," ₹ 12,221.40 ",1,0,1,No,909  min,211.4  min,6,14.6,6  days,2023-12-28,4  days,79.9  %,14  nos,Drama,8,8,4,Laptop,2,0,0,WiFi,3,4,6,19,10,0,0,N/A
CUST00961,JioHotstar,53,45-54,Male,Jaipur,18,2022-06-28,Malayalam,Basic,UPI,Monthly,No, ₹ 136.12 ," ₹ 2,151.00 ",2,1,1,No,1415  min,329.1  min,13,36.8,8  days,2023-12-28,4  days,78.1  %,37  nos,Comedy,15,6,4,Smart TV,5,0,0,WiFi,0,4,7,22,4,8.9,1,Price
CUST00962,JioHotstar,22,18-24,Female,Bangalore,20,2022-04-21,Gujarati,Standard,Credit Card,Monthly,Yes, ₹ 320.36 ," ₹ 6,370.05 ",1,0,1,No,523  min,121.6  min,7,83.9,10  days,2023-12-29,3  days,97.7  %,72  nos,Drama,21,4,3,Mobile,4,1,2,WiFi,1,3,5,24,9,0,0,N/A
CUST00963,Netflix,21,18-24,Male,Ahmedabad,38,2020-10-25,Marathi,Premium,UPI,Annual,Yes, ₹ 527.59 ," ₹ 17,067.46 ",0,1,0,No,800  min,186  min,23,51.8,13  days,2023-12-31,1  days,94  %,40  nos,Romance,11,7,4,Smart TV,3,0,0,WiFi,0,4,5,37,0,0,0,N/A
CUST00964,Netflix,34,25-34,Male,Mumbai,33,2021-04-16,Tamil,Premium,UPI,Quarterly,Yes, ₹ 515.62 ," ₹ 16,462.01 ",0,1,0,No,480  min,111.6  min,25,34.3,8  days,2023-12-15,17  days,60.9  %,45  nos,Sci-Fi,11,6,4,Mobile,3,2,0,WiFi,1,2,8,47,5,0,1,Found Alternative
CUST00965,SonyLiv,25,25-34,Male,Pune,10,2023-02-27,Hindi,Basic,Debit Card,Monthly,No, ₹ 158.13 ," ₹ 1,474.64 ",0,0,0,No,1281  min,297.9  min,15,42.1,23  days,2023-12-31,1  days,63.5  %,49  nos,Sports,22,4,2,Smart TV,1,2,0,4G,1,2,7,25,15,39.5,0,N/A
CUST00966,SonyLiv,24,18-24,Female,Pune,52,2019-09-15,Bengali,Standard,Credit Card,Monthly,Yes, ₹ 261.40 ," ₹ 13,194.88 ",0,0,0,Yes,1222  min,284.2  min,20,18.2,19  days,2023-12-27,5  days,73.9  %,58  nos,Reality,30,4,1,Desktop,9,0,1,5G,0,3,5,21,10,0,0,N/A
CUST00967,ZEE5,39,35-44,Male,Kolkata,26,2021-10-28,Hindi,Standard,UPI,Monthly,Yes, ₹ 291.59 ," ₹ 7,170.19 ",0,0,0,Yes,219  min,50.9  min,18,55.9,11  days,2023-12-29,3  days,98.6  %,62  nos,Reality,13,6,3,Laptop,4,0,1,4G,1,3,5,10,5,0,0,N/A
CUST00968,Amazon Prime,28,25-34,Male,Mumbai,16,2022-08-24,Malayalam,Basic,Credit Card,Annual,Yes, ₹ 159.52 ," ₹ 2,247.84 ",0,1,0,Yes,750  min,174.4  min,21,29.2,11  days,2023-12-26,6  days,49.3  %,13  nos,Action,4,2,1,Mobile,6,3,0,WiFi,1,3,10,16,11,19.2,0,N/A
CUST00969,Netflix,35,35-44,Male,Hyderabad,32,2021-04-24,Kannada,Premium,UPI,Monthly,Yes, ₹ 503.03 ," ₹ 15,664.98 ",0,1,0,No,1216  min,282.8  min,16,44.9,10  days,2023-12-27,5  days,58.9  %,33  nos,Action,0,4,3,Tablet,3,2,0,5G,0,5,7,15,11,0,0,N/A
CUST00970,Amazon Prime,22,18-24,Male,Jaipur,12,2022-12-28,Hindi,Family,UPI,Annual,Yes, ₹ 613.92 ," ₹ 6,289.26 ",0,1,0,Yes,773  min,179.8  min,19,21.7,14  days,2023-12-29,3  days,50  %,55  nos,Sports,10,3,3,Mobile,3,1,1,WiFi,0,4,6,24,17,0,0,N/A
CUST00971,JioHotstar,51,45-54,Male,Hyderabad,20,2022-04-28,Marathi,Basic,Debit Card,Monthly,Yes, ₹ 164.75 ," ₹ 3,041.71 ",1,0,0,No,864  min,200.9  min,2,42.6,10  days,2023-12-31,1  days,54.1  %,34  nos,Action,0,7,2,Laptop,4,0,0,4G,0,4,4,14,0,65.2,0,N/A
CUST00972,Amazon Prime,50,45-54,Non-Binary,Bangalore,57,2019-04-18,Kannada,Standard,Net Banking,Annual,Yes, ₹ 323.40 ," ₹ 16,066.77 ",1,0,0,No,789  min,183.5  min,25,69.4,21  days,2023-12-31,1  days,74  %,23  nos,Thriller,17,5,2,Mobile,1,3,0,WiFi,0,4,5,34,10,0,0,N/A
CUST00973,Netflix,31,25-34,Male,Bangalore,14,2022-10-30,Kannada,Standard,Credit Card,Annual,Yes, ₹ 303.11 ," ₹ 3,955.23 ",0,1,1,No,765  min,177.9  min,17,80,11  days,2023-12-31,1  days,35.1  %,36  nos,Thriller,6,5,4,Mobile,3,0,1,WiFi,3,4,5,15,8,0,0,N/A
CUST00974,Netflix,32,25-34,Male,Delhi,15,2022-09-10,Malayalam,Family,UPI,Quarterly,Yes, ₹ 659.12 ," ₹ 9,396.54 ",1,0,1,No,888  min,206.5  min,23,29.9,17  days,2023-12-16,16  days,67.3  %,60  nos,Horror,14,4,3,Smart TV,4,2,2,3G,0,3,3,34,10,0,0,N/A
CUST00975,ZEE5,29,25-34,Male,Jaipur,38,2020-11-05,Marathi,Standard,Credit Card,Monthly,Yes, ₹ 274.09 ," ₹ 9,972.60 ",0,0,0,No,795  min,184.9  min,18,19.9,11  days,2023-12-15,17  days,85.7  %,44  nos,Romance,20,6,2,Laptop,5,0,2,4G,3,3,0,38,0,0,0,N/A
CUST00976,SonyLiv,35,35-44,Male,Kolkata,23,2022-01-29,Gujarati,Standard,Wallet,Annual,Yes, ₹ 346.11 ," ₹ 7,472.98 ",0,1,1,No,882  min,205.1  min,17,30.8,16  days,2024-01-01,0  days,46.7  %,25  nos,Romance,12,0,7,Mobile,1,2,0,WiFi,2,2,7,35,3,0,1,Financial Constraint
CUST00977,ZEE5,29,25-34,Male,Bangalore,7,2023-05-15,Gujarati,Standard,Credit Card,Monthly,Yes, ₹ 302.73 ," ₹ 1,896.31 ",0,0,0,Yes,1710  min,397.7  min,26,58.1,18  days,2023-12-31,1  days,44  %,42  nos,Reality,17,2,2,Smart TV,5,0,0,5G,1,3,1,32,8,0,0,N/A
CUST00978,Amazon Prime,42,35-44,Female,Pune,28,2021-08-23,Kannada,Basic,Credit Card,Monthly,No, ₹ 161.16 ," ₹ 3,915.63 ",1,0,0,Yes,947  min,220.2  min,26,30.9,9  days,2023-12-31,1  days,57.3  %,59  nos,Sci-Fi,30,10,3,Tablet,3,4,1,WiFi,1,3,9,0,7,40,0,N/A
CUST00979,Amazon Prime,18,18-24,Male,Chennai,42,2020-06-30,Tamil,Standard,Debit Card,Quarterly,No, ₹ 313.81 ," ₹ 11,402.02 ",1,0,2,Yes,847  min,197  min,19,36.8,6  days,2023-12-26,6  days,50.7  %,35  nos,Action,35,5,6,Mobile,0,1,0,WiFi,0,4,2,30,4,0,0,N/A
CUST00980,ZEE5,18,18-24,Female,Bangalore,4,2023-08-19,Hindi,Standard,UPI,Monthly,No, ₹ 279.40 ," ₹ 1,063.74 ",1,0,1,No,905  min,210.5  min,27,54.9,5  days,2023-12-31,1  days,81.1  %,22  nos,Horror,16,5,9,Laptop,6,2,1,WiFi,0,3,6,18,3,0,0,N/A
CUST00981,Amazon Prime,35,35-44,Male,Lucknow,6,2023-06-17,Hindi,Standard,UPI,Monthly,Yes, ₹ 328.00 ," ₹ 1,788.18 ",0,0,1,No,1563  min,363.5  min,15,79.2,21  days,2023-12-23,9  days,72.7  %,37  nos,Drama,0,5,1,Mobile,3,1,1,WiFi,1,3,7,46,0,0,0,N/A
CUST00982,Netflix,39,35-44,Female,Bangalore,5,2023-07-22,Malayalam,Standard,UPI,Quarterly,Yes, ₹ 306.53 ," ₹ 1,324.85 ",3,1,2,No,522  min,121.4  min,38,77.5,8  days,2024-01-01,0  days,73.4  %,34  nos,Romance,21,10,2,Mobile,4,2,2,5G,1,3,5,21,2,0,0,N/A
CUST00983,JioHotstar,24,18-24,Female,Hyderabad,35,2021-01-24,Bengali,Basic,Net Banking,Monthly,No, ₹ 140.03 ," ₹ 4,338.75 ",0,0,0,No,370  min,86  min,9,51.4,8  days,2023-12-29,3  days,52.9  %,0  nos,Romance,10,6,2,Laptop,3,2,1,WiFi,0,3,8,7,18,38.5,0,N/A
CUST00984,JioHotstar,24,18-24,Male,Mumbai,41,2020-08-16,English,Basic,Wallet,Monthly,No, ₹ 132.74 ," ₹ 4,856.59 ",0,0,0,No,836  min,194.4  min,21,47.9,11  days,2023-12-28,4  days,40.8  %,82  nos,Horror,6,2,4,Smart TV,2,1,0,4G,0,3,2,1,6,0,0,N/A
CUST00985,Netflix,34,25-34,Female,Jaipur,50,2019-10-31,Bengali,Family,UPI,Monthly,Yes, ₹ 623.85 ," ₹ 27,246.01 ",0,0,0,Yes,563  min,130.9  min,17,33.9,11  days,2023-12-31,1  days,36.3  %,75  nos,Drama,17,2,2,Mobile,2,4,0,5G,0,3,4,18,11,0,0,N/A
CUST00986,Amazon Prime,39,35-44,Female,Ahmedabad,45,2020-03-24,Kannada,Premium,UPI,Monthly,No, ₹ 476.24 ," ₹ 20,611.98 ",0,0,0,No,920  min,214  min,27,27.3,16  days,2023-12-19,13  days,88.6  %,19  nos,Horror,15,4,4,Desktop,2,1,0,4G,0,4,7,44,11,0,0,N/A
CUST00987,Netflix,31,25-34,Female,Bangalore,18,2022-07-07,Kannada,Basic,UPI,Monthly,Yes, ₹ 155.23 ," ₹ 2,433.84 ",1,1,0,No,1205  min,280.2  min,12,35,5  days,2023-12-28,4  days,45.6  %,31  nos,Sci-Fi,18,3,3,Desktop,7,1,1,5G,0,3,3,17,5,20.2,0,N/A
CUST00988,Amazon Prime,23,18-24,Female,Hyderabad,49,2019-12-07,Marathi,Premium,Credit Card,Monthly,Yes, ₹ 450.42 ," ₹ 21,488.99 ",0,0,1,No,934  min,217.2  min,18,71.6,29  days,2023-12-31,1  days,100  %,61  nos,Thriller,0,4,1,Mobile,1,0,0,4G,0,3,4,10,7,0,0,N/A
CUST00989,JioHotstar,18,18-24,Male,Pune,37,2020-12-15,Telugu,Standard,UPI,Annual,Yes, ₹ 301.03 ," ₹ 10,668.82 ",0,1,1,No,938  min,218.1  min,25,62.7,15  days,2023-12-18,14  days,47.7  %,65  nos,Sports,39,4,2,Desktop,4,1,0,4G,1,3,5,11,21,0,0,N/A
CUST00990,Netflix,36,35-44,Female,Delhi,33,2021-04-05,Kannada,Family,UPI,Quarterly,Yes, ₹ 657.64 ," ₹ 19,472.81 ",0,1,0,No,660  min,153.5  min,21,75.7,2  days,2024-01-01,0  days,40.2  %,36  nos,Sci-Fi,14,5,2,Mobile,1,1,1,5G,0,1,5,37,0,0,0,N/A
CUST00991,SonyLiv,18,18-24,Female,Lucknow,18,2022-06-30,Kannada,Basic,Debit Card,Monthly,No, ₹ 145.73 ," ₹ 2,406.44 ",0,0,1,No,1116  min,259.5  min,14,15.3,0  days,2023-12-29,3  days,96.8  %,73  nos,Documentary,8,5,2,Mobile,3,2,0,WiFi,0,2,4,15,7,49,0,N/A
CUST00992,JioHotstar,27,25-34,Female,Pune,2,2023-10-30,Gujarati,Premium,Net Banking,Annual,No, ₹ 509.02 , ₹ 982.75 ,0,1,1,No,835  min,194.2  min,24,54.3,7  days,2023-12-25,7  days,43.7  %,63  nos,Sci-Fi,11,5,3,Desktop,5,1,0,WiFi,0,2,5,9,0,0,0,N/A
CUST00993,Amazon Prime,18,18-24,Male,Chennai,27,2021-09-27,Gujarati,Premium,UPI,Quarterly,Yes, ₹ 509.06 ," ₹ 12,568.43 ",1,0,0,No,1280  min,297.7  min,25,54.3,15  days,2023-12-29,3  days,62.1  %,47  nos,Thriller,5,2,4,Tablet,3,3,1,WiFi,0,4,3,16,4,0,0,N/A
CUST00994,JioHotstar,38,35-44,Male,Kolkata,46,2020-02-26,Bengali,Standard,UPI,Monthly,Yes, ₹ 306.23 ," ₹ 12,179.83 ",0,0,0,No,1299  min,302.1  min,30,47.2,8  days,2023-12-30,2  days,59.2  %,27  nos,Romance,22,4,1,Desktop,2,2,1,4G,0,3,4,22,6,0,0,N/A
CUST00995,Netflix,44,35-44,Male,Delhi,59,2019-02-19,Hindi,Family,UPI,Annual,No, ₹ 614.33 ," ₹ 32,276.87 ",0,1,1,Yes,870  min,202.3  min,19,39.1,26  days,2023-12-25,7  days,72.9  %,61  nos,Sci-Fi,28,5,2,Mobile,5,1,1,4G,1,4,7,34,4,0,0,N/A
CUST00996,JioHotstar,29,25-34,Female,Ahmedabad,46,2020-03-04,Bengali,Premium,Credit Card,Monthly,Yes, ₹ 523.71 ," ₹ 23,391.80 ",0,2,0,No,996  min,231.6  min,18,18.2,17  days,2023-12-27,5  days,47.1  %,10  nos,Romance,27,7,1,Laptop,2,0,1,5G,0,2,9,45,7,0,0,N/A
CUST00997,ZEE5,26,25-34,Female,Delhi,12,2023-01-04,Tamil,Standard,Debit Card,Quarterly,Yes, ₹ 330.90 ," ₹ 3,965.51 ",1,0,2,No,22  min,5.1  min,36,5,21  days,2023-12-23,9  days,66.7  %,22  nos,Horror,10,4,2,Mobile,3,0,0,5G,0,3,8,50,1,0,0,N/A
CUST00998,Amazon Prime,25,25-34,Female,Pune,15,2022-09-24,Tamil,Basic,Debit Card,Annual,No, ₹ 166.44 ," ₹ 2,147.16 ",1,2,0,No,1277  min,297  min,16,21.1,24  days,2023-12-31,1  days,79.5  %,27  nos,Thriller,16,8,4,Laptop,1,1,0,5G,2,2,4,34,10,93.7,0,N/A
CUST00999,JioHotstar,27,25-34,Male,Hyderabad,44,2020-04-26,Marathi,Basic,UPI,Monthly,Yes, ₹ 142.93 ," ₹ 5,680.86 ",0,0,0,No,959  min,223  min,26,26.3,17  days,2023-12-31,1  days,85.8  %,40  nos,Horror,15,4,3,Smart TV,2,1,1,WiFi,1,2,5,30,13,47.2,0,N/A
CUST01000,ZEE5,18,18-24,Female,Delhi,10,2023-03-03,English,Standard,Debit Card,Monthly,Yes, ₹ 309.00 ," ₹ 2,855.63 ",1,1,0,No,751  min,174.7  min,16,25.3,25  days,2023-12-24,8  days,100  %,41  nos,Horror,32,2,3,Mobile,2,5,0,5G,0,4,9,13,10,0,0,N/A
